0 verbose cli C:\Program Files\nodejs\node.exe C:\Program Files\nodejs\node_modules\npm\bin\npm-cli.js
1 info using npm@10.9.2
2 info using node@v22.14.0
3 silly config load:file:C:\Program Files\nodejs\node_modules\npm\npmrc
4 silly config load:file:E:\House\backend\.npmrc
5 silly config load:file:C:\Users\HP\.npmrc
6 silly config load:file:E:\House\backend\.npm-global\etc\npmrc
7 verbose title npm install express mongoose cors dotenv
8 verbose argv "install" "express" "mongoose" "cors" "dotenv"
9 verbose logfile logs-max:10 dir:E:\House\backend\.npm-cache\_logs\2026-08-05T13_57_38_619Z-
10 verbose logfile E:\House\backend\.npm-cache\_logs\2026-08-05T13_57_38_619Z-debug-0.log
11 silly logfile done cleaning log files
12 silly packumentCache heap:2197815296 maxSize:549453824 maxEntrySize:274726912
13 silly idealTree buildDeps
14 silly fetch manifest cors@^2.8.5
15 silly packumentCache full:https://registry.npmjs.org/cors cache-miss
16 http fetch GET 200 https://registry.npmjs.org/cors 402ms (cache miss)
17 silly packumentCache full:https://registry.npmjs.org/cors set size:undefined disposed:false
18 silly fetch manifest dotenv@^16.4.5
19 silly packumentCache full:https://registry.npmjs.org/dotenv cache-miss
20 http fetch GET 200 https://registry.npmjs.org/dotenv 138ms (cache miss)
21 silly packumentCache full:https://registry.npmjs.org/dotenv set size:undefined disposed:false
22 silly fetch manifest express@^4.19.2
23 silly packumentCache full:https://registry.npmjs.org/express cache-miss
24 http fetch GET 200 https://registry.npmjs.org/express 149ms (cache miss)
25 silly packumentCache full:https://registry.npmjs.org/express set size:undefined disposed:false
26 silly fetch manifest mongoose@^8.3.1
27 silly packumentCache full:https://registry.npmjs.org/mongoose cache-miss
28 http fetch GET 200 https://registry.npmjs.org/mongoose 333ms (cache miss)
29 silly packumentCache full:https://registry.npmjs.org/mongoose set size:undefined disposed:false
30 silly fetch manifest nodemon@^3.1.0
31 silly packumentCache full:https://registry.npmjs.org/nodemon cache-miss
32 http fetch GET 200 https://registry.npmjs.org/nodemon 154ms (cache miss)
33 silly packumentCache full:https://registry.npmjs.org/nodemon set size:undefined disposed:false
34 silly placeDep ROOT cors@2.8.6 OK for: home-rent-backend@1.0.0 want: ^2.8.5
35 silly placeDep ROOT dotenv@16.6.1 OK for: home-rent-backend@1.0.0 want: ^16.4.5
36 silly placeDep ROOT express@4.22.2 OK for: home-rent-backend@1.0.0 want: ^4.19.2
37 silly placeDep ROOT mongoose@8.24.2 OK for: home-rent-backend@1.0.0 want: ^8.3.1
38 silly placeDep ROOT nodemon@3.1.14 OK for: home-rent-backend@1.0.0 want: ^3.1.0
39 silly fetch manifest object-assign@^4
40 silly packumentCache full:https://registry.npmjs.org/object-assign cache-miss
41 silly fetch manifest vary@^1
42 silly packumentCache full:https://registry.npmjs.org/vary cache-miss
43 silly fetch manifest qs@~6.15.1
44 silly packumentCache full:https://registry.npmjs.org/qs cache-miss
45 silly fetch manifest depd@2.0.0
46 silly packumentCache full:https://registry.npmjs.org/depd cache-miss
47 silly fetch manifest etag@~1.8.1
48 silly packumentCache full:https://registry.npmjs.org/etag cache-miss
49 silly fetch manifest send@~0.19.0
50 silly packumentCache full:https://registry.npmjs.org/send cache-miss
51 silly fetch manifest vary@~1.1.2
52 silly packumentCache full:https://registry.npmjs.org/vary cache-miss
53 silly fetch manifest debug@2.6.9
54 silly packumentCache full:https://registry.npmjs.org/debug cache-miss
55 silly fetch manifest fresh@~0.5.2
56 silly packumentCache full:https://registry.npmjs.org/fresh cache-miss
57 silly fetch manifest cookie@~0.7.1
58 silly packumentCache full:https://registry.npmjs.org/cookie cache-miss
59 silly fetch manifest accepts@~1.3.8
60 silly packumentCache full:https://registry.npmjs.org/accepts cache-miss
61 http fetch GET 200 https://registry.npmjs.org/object-assign 133ms (cache miss)
62 silly packumentCache full:https://registry.npmjs.org/object-assign set size:undefined disposed:false
63 silly fetch manifest methods@~1.1.2
64 silly packumentCache full:https://registry.npmjs.org/methods cache-miss
65 http fetch GET 200 https://registry.npmjs.org/methods 103ms (cache miss)
66 silly packumentCache full:https://registry.npmjs.org/methods set size:undefined disposed:false
67 silly fetch manifest type-is@~1.6.18
68 silly packumentCache full:https://registry.npmjs.org/type-is cache-miss
69 http fetch GET 200 https://registry.npmjs.org/vary 291ms (cache miss)
70 silly packumentCache full:https://registry.npmjs.org/vary set size:undefined disposed:false
71 silly fetch manifest parseurl@~1.3.3
72 silly packumentCache full:https://registry.npmjs.org/parseurl cache-miss
73 http fetch GET 200 https://registry.npmjs.org/vary 304ms (cache miss)
74 silly packumentCache full:https://registry.npmjs.org/vary set size:undefined disposed:false
75 silly fetch manifest statuses@~2.0.1
76 silly packumentCache full:https://registry.npmjs.org/statuses cache-miss
77 http fetch GET 200 https://registry.npmjs.org/etag 308ms (cache miss)
78 silly packumentCache full:https://registry.npmjs.org/etag set size:undefined disposed:false
79 silly fetch manifest encodeurl@~2.0.0
80 silly packumentCache full:https://registry.npmjs.org/encodeurl cache-miss
81 http fetch GET 200 https://registry.npmjs.org/depd 326ms (cache miss)
82 silly packumentCache full:https://registry.npmjs.org/depd set size:undefined disposed:false
83 silly fetch manifest proxy-addr@~2.0.7
84 silly packumentCache full:https://registry.npmjs.org/proxy-addr cache-miss
85 http fetch GET 200 https://registry.npmjs.org/cookie 324ms (cache miss)
86 silly packumentCache full:https://registry.npmjs.org/cookie set size:undefined disposed:false
87 silly fetch manifest body-parser@~1.20.5
88 silly packumentCache full:https://registry.npmjs.org/body-parser cache-miss
89 http fetch GET 200 https://registry.npmjs.org/send 335ms (cache miss)
90 silly packumentCache full:https://registry.npmjs.org/send set size:undefined disposed:false
91 silly fetch manifest escape-html@~1.0.3
92 silly packumentCache full:https://registry.npmjs.org/escape-html cache-miss
93 http fetch GET 200 https://registry.npmjs.org/fresh 336ms (cache miss)
94 silly packumentCache full:https://registry.npmjs.org/fresh set size:undefined disposed:false
95 silly fetch manifest http-errors@~2.0.0
96 silly packumentCache full:https://registry.npmjs.org/http-errors cache-miss
97 http fetch GET 200 https://registry.npmjs.org/debug 339ms (cache miss)
98 silly packumentCache full:https://registry.npmjs.org/debug set size:undefined disposed:false
99 silly fetch manifest on-finished@~2.4.1
100 silly packumentCache full:https://registry.npmjs.org/on-finished cache-miss
101 http fetch GET 200 https://registry.npmjs.org/type-is 112ms (cache miss)
102 silly packumentCache full:https://registry.npmjs.org/type-is set size:undefined disposed:false
103 silly fetch manifest safe-buffer@5.2.1
104 silly packumentCache full:https://registry.npmjs.org/safe-buffer cache-miss
105 http fetch GET 200 https://registry.npmjs.org/accepts 347ms (cache miss)
106 silly packumentCache full:https://registry.npmjs.org/accepts set size:undefined disposed:false
107 silly fetch manifest utils-merge@1.0.1
108 silly packumentCache full:https://registry.npmjs.org/utils-merge cache-miss
109 http fetch GET 200 https://registry.npmjs.org/qs 359ms (cache miss)
110 silly packumentCache full:https://registry.npmjs.org/qs set size:undefined disposed:false
111 silly fetch manifest content-type@~1.0.4
112 silly packumentCache full:https://registry.npmjs.org/content-type cache-miss
113 http fetch GET 200 https://registry.npmjs.org/parseurl 78ms (cache miss)
114 silly packumentCache full:https://registry.npmjs.org/parseurl set size:undefined disposed:false
115 silly fetch manifest finalhandler@~1.3.1
116 silly packumentCache full:https://registry.npmjs.org/finalhandler cache-miss
117 http fetch GET 200 https://registry.npmjs.org/statuses 75ms (cache miss)
118 silly packumentCache full:https://registry.npmjs.org/statuses set size:undefined disposed:false
119 silly fetch manifest range-parser@~1.2.1
120 silly packumentCache full:https://registry.npmjs.org/range-parser cache-miss
121 http fetch GET 200 https://registry.npmjs.org/encodeurl 82ms (cache miss)
122 silly packumentCache full:https://registry.npmjs.org/encodeurl set size:undefined disposed:false
123 silly fetch manifest serve-static@~1.16.2
124 silly packumentCache full:https://registry.npmjs.org/serve-static cache-miss
125 http fetch GET 200 https://registry.npmjs.org/proxy-addr 148ms (cache miss)
126 silly packumentCache full:https://registry.npmjs.org/proxy-addr set size:undefined disposed:false
127 silly fetch manifest array-flatten@1.1.1
128 silly packumentCache full:https://registry.npmjs.org/array-flatten cache-miss
129 http fetch GET 200 https://registry.npmjs.org/escape-html 145ms (cache miss)
130 silly packumentCache full:https://registry.npmjs.org/escape-html set size:undefined disposed:false
131 silly fetch manifest path-to-regexp@~0.1.12
132 silly packumentCache full:https://registry.npmjs.org/path-to-regexp cache-miss
133 http fetch GET 200 https://registry.npmjs.org/on-finished 148ms (cache miss)
134 silly packumentCache full:https://registry.npmjs.org/on-finished set size:undefined disposed:false
135 silly fetch manifest setprototypeof@1.2.0
136 silly packumentCache full:https://registry.npmjs.org/setprototypeof cache-miss
137 http fetch GET 200 https://registry.npmjs.org/utils-merge 143ms (cache miss)
138 silly packumentCache full:https://registry.npmjs.org/utils-merge set size:undefined disposed:false
139 silly fetch manifest cookie-signature@~1.0.6
140 silly packumentCache full:https://registry.npmjs.org/cookie-signature cache-miss
141 http fetch GET 200 https://registry.npmjs.org/range-parser 114ms (cache miss)
142 silly packumentCache full:https://registry.npmjs.org/range-parser set size:undefined disposed:false
143 silly fetch manifest merge-descriptors@1.0.3
144 silly packumentCache full:https://registry.npmjs.org/merge-descriptors cache-miss
145 http fetch GET 200 https://registry.npmjs.org/content-type 139ms (cache miss)
146 silly packumentCache full:https://registry.npmjs.org/content-type set size:undefined disposed:false
147 silly fetch manifest content-disposition@~0.5.4
148 silly packumentCache full:https://registry.npmjs.org/content-disposition cache-miss
149 http fetch GET 200 https://registry.npmjs.org/safe-buffer 155ms (cache miss)
150 silly packumentCache full:https://registry.npmjs.org/safe-buffer set size:undefined disposed:false
151 silly fetch manifest ms@2.1.3
152 silly packumentCache full:https://registry.npmjs.org/ms cache-miss
153 http fetch GET 200 https://registry.npmjs.org/body-parser 179ms (cache miss)
154 silly packumentCache full:https://registry.npmjs.org/body-parser set size:undefined disposed:false
155 silly fetch manifest bson@^6.10.4
156 silly packumentCache full:https://registry.npmjs.org/bson cache-miss
157 http fetch GET 200 https://registry.npmjs.org/http-errors 174ms (cache miss)
158 silly packumentCache full:https://registry.npmjs.org/http-errors set size:undefined disposed:false
159 silly fetch manifest sift@17.1.3
160 silly packumentCache full:https://registry.npmjs.org/sift cache-miss
161 http fetch GET 200 https://registry.npmjs.org/serve-static 132ms (cache miss)
162 silly packumentCache full:https://registry.npmjs.org/serve-static set size:undefined disposed:false
163 silly fetch manifest mpath@0.9.0
164 silly packumentCache full:https://registry.npmjs.org/mpath cache-miss
165 http fetch GET 200 https://registry.npmjs.org/array-flatten 109ms (cache miss)
166 silly packumentCache full:https://registry.npmjs.org/array-flatten set size:undefined disposed:false
167 silly fetch manifest kareem@2.6.3
168 silly packumentCache full:https://registry.npmjs.org/kareem cache-miss
169 http fetch GET 200 https://registry.npmjs.org/cookie-signature 112ms (cache miss)
170 silly packumentCache full:https://registry.npmjs.org/cookie-signature set size:undefined disposed:false
171 silly fetch manifest mquery@5.0.0
172 silly packumentCache full:https://registry.npmjs.org/mquery cache-miss
173 http fetch GET 200 https://registry.npmjs.org/ms 119ms (cache miss)
174 silly packumentCache full:https://registry.npmjs.org/ms set size:undefined disposed:false
175 silly fetch manifest mongodb@~6.20.0
176 silly packumentCache full:https://registry.npmjs.org/mongodb cache-miss
177 http fetch GET 200 https://registry.npmjs.org/setprototypeof 138ms (cache miss)
178 silly packumentCache full:https://registry.npmjs.org/setprototypeof set size:undefined disposed:false
179 silly fetch manifest debug@^4
180 silly packumentCache full:https://registry.npmjs.org/debug cache-miss
181 http fetch GET 200 https://registry.npmjs.org/merge-descriptors 132ms (cache miss)
182 silly packumentCache full:https://registry.npmjs.org/merge-descriptors set size:undefined disposed:false
183 silly fetch manifest touch@^3.1.0
184 silly packumentCache full:https://registry.npmjs.org/touch cache-miss
185 http fetch GET 200 https://registry.npmjs.org/content-disposition 133ms (cache miss)
186 silly packumentCache full:https://registry.npmjs.org/content-disposition set size:undefined disposed:false
187 silly fetch manifest semver@^7.5.3
188 silly packumentCache full:https://registry.npmjs.org/semver cache-miss
189 http fetch GET 200 https://registry.npmjs.org/mpath 111ms (cache miss)
190 silly packumentCache full:https://registry.npmjs.org/mpath set size:undefined disposed:false
191 silly fetch manifest chokidar@^3.5.2
192 silly packumentCache full:https://registry.npmjs.org/chokidar cache-miss
193 http fetch GET 200 https://registry.npmjs.org/path-to-regexp 160ms (cache miss)
194 silly packumentCache full:https://registry.npmjs.org/path-to-regexp set size:undefined disposed:false
195 silly fetch manifest minimatch@^10.2.1
196 silly packumentCache full:https://registry.npmjs.org/minimatch cache-miss
197 http cache https://registry.npmjs.org/debug 26ms (cache hit)
198 silly packumentCache full:https://registry.npmjs.org/debug set size:195840 disposed:false
199 silly fetch manifest undefsafe@^2.0.5
200 silly packumentCache full:https://registry.npmjs.org/undefsafe cache-miss
201 http fetch GET 200 https://registry.npmjs.org/bson 151ms (cache miss)
202 silly packumentCache full:https://registry.npmjs.org/bson set size:undefined disposed:false
203 silly fetch manifest pstree.remy@^1.1.8
204 silly packumentCache full:https://registry.npmjs.org/pstree.remy cache-miss
205 http fetch GET 200 https://registry.npmjs.org/finalhandler 302ms (cache miss)
206 silly packumentCache full:https://registry.npmjs.org/finalhandler set size:undefined disposed:false
207 silly fetch manifest supports-color@^5.5.0
208 silly packumentCache full:https://registry.npmjs.org/supports-color cache-miss
209 http fetch GET 200 https://registry.npmjs.org/sift 178ms (cache miss)
210 silly packumentCache full:https://registry.npmjs.org/sift set size:undefined disposed:false
211 silly fetch manifest ignore-by-default@^1.0.1
212 silly packumentCache full:https://registry.npmjs.org/ignore-by-default cache-miss
213 http fetch GET 200 https://registry.npmjs.org/kareem 160ms (cache miss)
214 silly packumentCache full:https://registry.npmjs.org/kareem set size:undefined disposed:false
215 silly fetch manifest simple-update-notifier@^2.0.0
216 silly packumentCache full:https://registry.npmjs.org/simple-update-notifier cache-miss
217 http fetch GET 200 https://registry.npmjs.org/touch 124ms (cache miss)
218 silly packumentCache full:https://registry.npmjs.org/touch set size:undefined disposed:false
219 http fetch GET 200 https://registry.npmjs.org/mquery 148ms (cache miss)
220 silly packumentCache full:https://registry.npmjs.org/mquery set size:undefined disposed:false
221 http fetch GET 200 https://registry.npmjs.org/undefsafe 103ms (cache miss)
222 silly packumentCache full:https://registry.npmjs.org/undefsafe set size:undefined disposed:false
223 http fetch GET 200 https://registry.npmjs.org/pstree.remy 113ms (cache miss)
224 silly packumentCache full:https://registry.npmjs.org/pstree.remy set size:undefined disposed:false
225 http fetch GET 200 https://registry.npmjs.org/semver 155ms (cache miss)
226 silly packumentCache full:https://registry.npmjs.org/semver set size:undefined disposed:false
227 http fetch GET 200 https://registry.npmjs.org/supports-color 130ms (cache miss)
228 silly packumentCache full:https://registry.npmjs.org/supports-color set size:undefined disposed:false
229 http fetch GET 200 https://registry.npmjs.org/chokidar 169ms (cache miss)
230 silly packumentCache full:https://registry.npmjs.org/chokidar set size:undefined disposed:false
231 http fetch GET 200 https://registry.npmjs.org/minimatch 173ms (cache miss)
232 silly packumentCache full:https://registry.npmjs.org/minimatch set size:undefined disposed:false
233 http fetch GET 200 https://registry.npmjs.org/simple-update-notifier 141ms (cache miss)
234 silly packumentCache full:https://registry.npmjs.org/simple-update-notifier set size:undefined disposed:false
235 http fetch GET 200 https://registry.npmjs.org/ignore-by-default 196ms (cache miss)
236 silly packumentCache full:https://registry.npmjs.org/ignore-by-default set size:undefined disposed:false
237 http fetch GET 200 https://registry.npmjs.org/mongodb 305ms (cache miss)
238 silly packumentCache full:https://registry.npmjs.org/mongodb set size:undefined disposed:false
239 silly placeDep ROOT object-assign@4.1.1 OK for: cors@2.8.6 want: ^4
240 silly placeDep ROOT vary@1.1.2 OK for: cors@2.8.6 want: ^1
241 silly placeDep ROOT accepts@1.3.8 OK for: express@4.22.2 want: ~1.3.8
242 silly placeDep ROOT array-flatten@1.1.1 OK for: express@4.22.2 want: 1.1.1
243 silly placeDep ROOT body-parser@1.20.6 OK for: express@4.22.2 want: ~1.20.5
244 silly placeDep ROOT content-disposition@0.5.4 OK for: express@4.22.2 want: ~0.5.4
245 silly placeDep ROOT content-type@1.0.5 OK for: express@4.22.2 want: ~1.0.4
246 silly placeDep ROOT cookie@0.7.2 OK for: express@4.22.2 want: ~0.7.1
247 silly placeDep ROOT cookie-signature@1.0.7 OK for: express@4.22.2 want: ~1.0.6
248 silly placeDep ROOT debug@2.6.9 OK for: express@4.22.2 want: 2.6.9
249 silly placeDep ROOT depd@2.0.0 OK for: express@4.22.2 want: 2.0.0
250 silly placeDep ROOT encodeurl@2.0.0 OK for: express@4.22.2 want: ~2.0.0
251 silly placeDep ROOT escape-html@1.0.3 OK for: express@4.22.2 want: ~1.0.3
252 silly placeDep ROOT etag@1.8.1 OK for: express@4.22.2 want: ~1.8.1
253 silly placeDep ROOT finalhandler@1.3.2 OK for: express@4.22.2 want: ~1.3.1
254 silly placeDep ROOT fresh@0.5.2 OK for: express@4.22.2 want: ~0.5.2
255 silly placeDep ROOT http-errors@2.0.1 OK for: express@4.22.2 want: ~2.0.0
256 silly placeDep ROOT merge-descriptors@1.0.3 OK for: express@4.22.2 want: 1.0.3
257 silly placeDep ROOT methods@1.1.2 OK for: express@4.22.2 want: ~1.1.2
258 silly placeDep ROOT on-finished@2.4.1 OK for: express@4.22.2 want: ~2.4.1
259 silly placeDep ROOT parseurl@1.3.3 OK for: express@4.22.2 want: ~1.3.3
260 silly placeDep ROOT path-to-regexp@0.1.13 OK for: express@4.22.2 want: ~0.1.12
261 silly placeDep ROOT proxy-addr@2.0.7 OK for: express@4.22.2 want: ~2.0.7
262 silly placeDep ROOT qs@6.15.3 OK for: express@4.22.2 want: ~6.15.1
263 silly placeDep ROOT range-parser@1.2.1 OK for: express@4.22.2 want: ~1.2.1
264 silly placeDep ROOT safe-buffer@5.2.1 OK for: express@4.22.2 want: 5.2.1
265 silly placeDep ROOT send@0.19.2 OK for: express@4.22.2 want: ~0.19.0
266 silly placeDep ROOT serve-static@1.16.3 OK for: express@4.22.2 want: ~1.16.2
267 silly placeDep ROOT setprototypeof@1.2.0 OK for: express@4.22.2 want: 1.2.0
268 silly placeDep ROOT statuses@2.0.2 OK for: express@4.22.2 want: ~2.0.1
269 silly placeDep ROOT type-is@1.6.18 OK for: express@4.22.2 want: ~1.6.18
270 silly placeDep ROOT utils-merge@1.0.1 OK for: express@4.22.2 want: 1.0.1
271 silly fetch manifest mime-types@~2.1.34
272 silly packumentCache full:https://registry.npmjs.org/mime-types cache-miss
273 silly fetch manifest negotiator@0.6.3
274 silly packumentCache full:https://registry.npmjs.org/negotiator cache-miss
275 silly fetch manifest bytes@~3.1.2
276 silly packumentCache full:https://registry.npmjs.org/bytes cache-miss
277 silly fetch manifest unpipe@~1.0.0
278 silly packumentCache full:https://registry.npmjs.org/unpipe cache-miss
279 silly fetch manifest destroy@~1.2.0
280 silly packumentCache full:https://registry.npmjs.org/destroy cache-miss
281 silly fetch manifest raw-body@~2.5.3
282 silly packumentCache full:https://registry.npmjs.org/raw-body cache-miss
283 silly fetch manifest iconv-lite@~0.4.24
284 silly packumentCache full:https://registry.npmjs.org/iconv-lite cache-miss
285 silly fetch manifest http-errors@~2.0.1
286 silly packumentCache full:https://registry.npmjs.org/http-errors cache-miss
287 silly fetch manifest content-type@~1.0.5
288 silly packumentCache full:https://registry.npmjs.org/content-type cache-miss
289 silly fetch manifest ms@2.0.0
290 silly packumentCache full:https://registry.npmjs.org/ms cache-miss
291 silly fetch manifest unpipe@~1.0.0
292 silly packumentCache full:https://registry.npmjs.org/unpipe cache-miss
293 http cache https://registry.npmjs.org/ms 16ms (cache hit)
294 silly packumentCache full:https://registry.npmjs.org/ms set size:92208 disposed:false
295 silly fetch manifest statuses@~2.0.2
296 silly packumentCache full:https://registry.npmjs.org/statuses cache-miss
297 http cache https://registry.npmjs.org/content-type 21ms (cache hit)
298 silly packumentCache full:https://registry.npmjs.org/content-type set size:18994 disposed:false
299 silly fetch manifest inherits@~2.0.4
300 silly packumentCache full:https://registry.npmjs.org/inherits cache-miss
301 http cache https://registry.npmjs.org/http-errors 23ms (cache hit)
302 silly packumentCache full:https://registry.npmjs.org/http-errors set size:71987 disposed:false
303 silly fetch manifest setprototypeof@~1.2.0
304 silly packumentCache full:https://registry.npmjs.org/setprototypeof cache-miss
305 http cache https://registry.npmjs.org/statuses 12ms (cache hit)
306 silly packumentCache full:https://registry.npmjs.org/statuses set size:37117 disposed:false
307 silly fetch manifest toidentifier@~1.0.1
308 silly packumentCache full:https://registry.npmjs.org/toidentifier cache-miss
309 http cache https://registry.npmjs.org/setprototypeof 12ms (cache hit)
310 silly packumentCache full:https://registry.npmjs.org/setprototypeof set size:14532 disposed:false
311 silly fetch manifest ee-first@1.1.1
312 silly packumentCache full:https://registry.npmjs.org/ee-first cache-miss
313 http fetch GET 200 https://registry.npmjs.org/negotiator 129ms (cache miss)
314 silly packumentCache full:https://registry.npmjs.org/negotiator set size:undefined disposed:false
315 silly fetch manifest forwarded@0.2.0
316 silly packumentCache full:https://registry.npmjs.org/forwarded cache-miss
317 http fetch GET 200 https://registry.npmjs.org/bytes 131ms (cache miss)
318 silly packumentCache full:https://registry.npmjs.org/bytes set size:undefined disposed:false
319 silly fetch manifest ipaddr.js@1.9.1
320 silly packumentCache full:https://registry.npmjs.org/ipaddr.js cache-miss
321 http fetch GET 200 https://registry.npmjs.org/unpipe 141ms (cache miss)
322 silly packumentCache full:https://registry.npmjs.org/unpipe set size:undefined disposed:false
323 silly fetch manifest side-channel@^1.1.1
324 silly packumentCache full:https://registry.npmjs.org/side-channel cache-miss
325 http fetch GET 200 https://registry.npmjs.org/mime-types 157ms (cache miss)
326 silly packumentCache full:https://registry.npmjs.org/mime-types set size:undefined disposed:false
327 silly fetch manifest es-define-property@^1.0.1
328 silly packumentCache full:https://registry.npmjs.org/es-define-property cache-miss
329 http fetch GET 200 https://registry.npmjs.org/unpipe 156ms (cache miss)
330 silly packumentCache full:https://registry.npmjs.org/unpipe set size:undefined disposed:false
331 silly fetch manifest mime@1.6.0
332 silly packumentCache full:https://registry.npmjs.org/mime cache-miss
333 http fetch GET 200 https://registry.npmjs.org/destroy 163ms (cache miss)
334 silly packumentCache full:https://registry.npmjs.org/destroy set size:undefined disposed:false
335 silly fetch manifest destroy@1.2.0
336 silly packumentCache full:https://registry.npmjs.org/destroy cache-miss
337 http fetch GET 200 https://registry.npmjs.org/inherits 142ms (cache miss)
338 silly packumentCache full:https://registry.npmjs.org/inherits set size:undefined disposed:false
339 silly fetch manifest mime-types@~2.1.24
340 silly packumentCache full:https://registry.npmjs.org/mime-types cache-miss
341 http fetch GET 200 https://registry.npmjs.org/ee-first 130ms (cache miss)
342 silly packumentCache full:https://registry.npmjs.org/ee-first set size:undefined disposed:false
343 silly fetch manifest media-typer@0.3.0
344 silly packumentCache full:https://registry.npmjs.org/media-typer cache-miss
345 http fetch GET 200 https://registry.npmjs.org/iconv-lite 170ms (cache miss)
346 silly packumentCache full:https://registry.npmjs.org/iconv-lite set size:undefined disposed:false
347 http fetch GET 200 https://registry.npmjs.org/raw-body 173ms (cache miss)
348 silly packumentCache full:https://registry.npmjs.org/raw-body set size:undefined disposed:false
349 http fetch GET 200 https://registry.npmjs.org/toidentifier 145ms (cache miss)
350 silly packumentCache full:https://registry.npmjs.org/toidentifier set size:undefined disposed:false
351 http cache https://registry.npmjs.org/mime-types 16ms (cache hit)
352 silly packumentCache full:https://registry.npmjs.org/mime-types set size:139110 disposed:false
353 http cache https://registry.npmjs.org/destroy 22ms (cache hit)
354 silly packumentCache full:https://registry.npmjs.org/destroy set size:15738 disposed:false
355 http fetch GET 200 https://registry.npmjs.org/forwarded 101ms (cache miss)
356 silly packumentCache full:https://registry.npmjs.org/forwarded set size:undefined disposed:false
357 http fetch GET 200 https://registry.npmjs.org/es-define-property 104ms (cache miss)
358 silly packumentCache full:https://registry.npmjs.org/es-define-property set size:undefined disposed:false
359 http fetch GET 200 https://registry.npmjs.org/side-channel 121ms (cache miss)
360 silly packumentCache full:https://registry.npmjs.org/side-channel set size:undefined disposed:false
361 http fetch GET 200 https://registry.npmjs.org/ipaddr.js 135ms (cache miss)
362 silly packumentCache full:https://registry.npmjs.org/ipaddr.js set size:undefined disposed:false
363 http fetch GET 200 https://registry.npmjs.org/media-typer 101ms (cache miss)
364 silly packumentCache full:https://registry.npmjs.org/media-typer set size:undefined disposed:false
365 http fetch GET 200 https://registry.npmjs.org/mime 113ms (cache miss)
366 silly packumentCache full:https://registry.npmjs.org/mime set size:undefined disposed:false
367 silly placeDep ROOT mime-types@2.1.35 OK for: accepts@1.3.8 want: ~2.1.34
368 silly placeDep ROOT negotiator@0.6.3 OK for: accepts@1.3.8 want: 0.6.3
369 silly fetch manifest mime-db@1.52.0
370 silly packumentCache full:https://registry.npmjs.org/mime-db cache-miss
371 http fetch GET 200 https://registry.npmjs.org/mime-db 94ms (cache miss)
372 silly packumentCache full:https://registry.npmjs.org/mime-db set size:undefined disposed:false
373 silly placeDep ROOT bytes@3.1.2 OK for: body-parser@1.20.6 want: ~3.1.2
374 silly placeDep ROOT destroy@1.2.0 OK for: body-parser@1.20.6 want: ~1.2.0
375 silly placeDep ROOT iconv-lite@0.4.24 OK for: body-parser@1.20.6 want: ~0.4.24
376 silly placeDep ROOT raw-body@2.5.3 OK for: body-parser@1.20.6 want: ~2.5.3
377 silly placeDep ROOT unpipe@1.0.0 OK for: body-parser@1.20.6 want: ~1.0.0
378 silly fetch manifest safer-buffer@>= 2.1.2 < 3
379 silly packumentCache full:https://registry.npmjs.org/safer-buffer cache-miss
380 http fetch GET 200 https://registry.npmjs.org/safer-buffer 103ms (cache miss)
381 silly packumentCache full:https://registry.npmjs.org/safer-buffer set size:undefined disposed:false
382 silly placeDep ROOT ms@2.0.0 OK for: debug@2.6.9 want: 2.0.0
383 silly placeDep ROOT inherits@2.0.4 OK for: http-errors@2.0.1 want: ~2.0.4
384 silly placeDep ROOT toidentifier@1.0.1 OK for: http-errors@2.0.1 want: ~1.0.1
385 silly placeDep ROOT safer-buffer@2.1.2 OK for: iconv-lite@0.4.24 want: >= 2.1.2 < 3
386 silly placeDep ROOT mime-db@1.52.0 OK for: mime-types@2.1.35 want: 1.52.0
387 silly fetch manifest @aws-sdk/credential-providers@^3.188.0
388 silly packumentCache full:https://registry.npmjs.org/@aws-sdk%2fcredential-providers cache-miss
389 http fetch GET 200 https://registry.npmjs.org/@aws-sdk%2fcredential-providers 343ms (cache miss)
390 silly packumentCache full:https://registry.npmjs.org/@aws-sdk%2fcredential-providers set size:undefined disposed:false
391 silly fetch manifest @mongodb-js/zstd@^1.1.0 || ^2.0.0
392 silly packumentCache full:https://registry.npmjs.org/@mongodb-js%2fzstd cache-miss
393 http fetch GET 200 https://registry.npmjs.org/@mongodb-js%2fzstd 90ms (cache miss)
394 silly packumentCache full:https://registry.npmjs.org/@mongodb-js%2fzstd set size:undefined disposed:false
395 silly fetch manifest gcp-metadata@^5.2.0
396 silly packumentCache full:https://registry.npmjs.org/gcp-metadata cache-miss
397 http fetch GET 200 https://registry.npmjs.org/gcp-metadata 219ms (cache miss)
398 silly packumentCache full:https://registry.npmjs.org/gcp-metadata set size:undefined disposed:false
399 silly fetch manifest kerberos@^2.0.1
400 silly packumentCache full:https://registry.npmjs.org/kerberos cache-miss
401 http fetch GET 200 https://registry.npmjs.org/kerberos 88ms (cache miss)
402 silly packumentCache full:https://registry.npmjs.org/kerberos set size:undefined disposed:false
403 silly fetch manifest mongodb-client-encryption@>=6.0.0 <7
404 silly packumentCache full:https://registry.npmjs.org/mongodb-client-encryption cache-miss
405 http fetch GET 200 https://registry.npmjs.org/mongodb-client-encryption 112ms (cache miss)
406 silly packumentCache full:https://registry.npmjs.org/mongodb-client-encryption set size:undefined disposed:false
407 silly fetch manifest snappy@^7.3.2
408 silly packumentCache full:https://registry.npmjs.org/snappy cache-miss
409 http fetch GET 200 https://registry.npmjs.org/snappy 101ms (cache miss)
410 silly packumentCache full:https://registry.npmjs.org/snappy set size:undefined disposed:false
411 silly fetch manifest socks@^2.7.1
412 silly packumentCache full:https://registry.npmjs.org/socks cache-miss
413 http fetch GET 200 https://registry.npmjs.org/socks 93ms (cache miss)
414 silly packumentCache full:https://registry.npmjs.org/socks set size:undefined disposed:false
415 silly placeDep ROOT bson@6.10.4 OK for: mongoose@8.24.2 want: ^6.10.4
416 silly placeDep ROOT kareem@2.6.3 OK for: mongoose@8.24.2 want: 2.6.3
417 silly placeDep ROOT mongodb@6.20.0 OK for: mongoose@8.24.2 want: ~6.20.0
418 silly placeDep ROOT mpath@0.9.0 OK for: mongoose@8.24.2 want: 0.9.0
419 silly placeDep ROOT mquery@5.0.0 OK for: mongoose@8.24.2 want: 5.0.0
420 silly placeDep node_modules/mongoose ms@2.1.3 OK for: mongoose@8.24.2 want: 2.1.3
421 silly placeDep ROOT sift@17.1.3 OK for: mongoose@8.24.2 want: 17.1.3
422 silly fetch manifest @mongodb-js/saslprep@^1.3.0
423 silly packumentCache full:https://registry.npmjs.org/@mongodb-js%2fsaslprep cache-miss
424 silly fetch manifest mongodb-connection-string-url@^3.0.2
425 silly packumentCache full:https://registry.npmjs.org/mongodb-connection-string-url cache-miss
426 silly fetch manifest debug@4.x
427 silly packumentCache full:https://registry.npmjs.org/debug cache-hit
428 http fetch GET 200 https://registry.npmjs.org/mongodb-connection-string-url 117ms (cache miss)
429 silly packumentCache full:https://registry.npmjs.org/mongodb-connection-string-url set size:undefined disposed:false
430 http fetch GET 200 https://registry.npmjs.org/@mongodb-js%2fsaslprep 121ms (cache miss)
431 silly packumentCache full:https://registry.npmjs.org/@mongodb-js%2fsaslprep set size:undefined disposed:false
432 silly placeDep ROOT @mongodb-js/saslprep@1.4.13 OK for: mongodb@6.20.0 want: ^1.3.0
433 silly placeDep ROOT mongodb-connection-string-url@3.0.2 OK for: mongodb@6.20.0 want: ^3.0.2
434 silly fetch manifest sparse-bitfield@^3.0.3
435 silly packumentCache full:https://registry.npmjs.org/sparse-bitfield cache-miss
436 silly fetch manifest whatwg-url@^14.1.0 || ^13.0.0
437 silly packumentCache full:https://registry.npmjs.org/whatwg-url cache-miss
438 silly fetch manifest @types/whatwg-url@^11.0.2
439 silly packumentCache full:https://registry.npmjs.org/@types%2fwhatwg-url cache-miss
440 http fetch GET 200 https://registry.npmjs.org/sparse-bitfield 102ms (cache miss)
441 silly packumentCache full:https://registry.npmjs.org/sparse-bitfield set size:undefined disposed:false
442 http fetch GET 200 https://registry.npmjs.org/@types%2fwhatwg-url 125ms (cache miss)
443 silly packumentCache full:https://registry.npmjs.org/@types%2fwhatwg-url set size:undefined disposed:false
444 http fetch GET 200 https://registry.npmjs.org/whatwg-url 129ms (cache miss)
445 silly packumentCache full:https://registry.npmjs.org/whatwg-url set size:undefined disposed:false
446 silly placeDep ROOT sparse-bitfield@3.0.3 OK for: @mongodb-js/saslprep@1.4.13 want: ^3.0.3
447 silly fetch manifest memory-pager@^1.0.2
448 silly packumentCache full:https://registry.npmjs.org/memory-pager cache-miss
449 http fetch GET 200 https://registry.npmjs.org/memory-pager 241ms (cache miss)
450 silly packumentCache full:https://registry.npmjs.org/memory-pager set size:undefined disposed:false
451 silly placeDep ROOT @types/whatwg-url@11.0.5 OK for: mongodb-connection-string-url@3.0.2 want: ^11.0.2
452 silly placeDep ROOT whatwg-url@14.2.0 OK for: mongodb-connection-string-url@3.0.2 want: ^14.1.0 || ^13.0.0
453 silly fetch manifest @types/webidl-conversions@*
454 silly packumentCache full:https://registry.npmjs.org/@types%2fwebidl-conversions cache-miss
455 silly fetch manifest tr46@^5.1.0
456 silly packumentCache full:https://registry.npmjs.org/tr46 cache-miss
457 silly fetch manifest webidl-conversions@^7.0.0
458 silly packumentCache full:https://registry.npmjs.org/webidl-conversions cache-miss
459 http fetch GET 200 https://registry.npmjs.org/tr46 95ms (cache miss)
460 silly packumentCache full:https://registry.npmjs.org/tr46 set size:undefined disposed:false
461 http fetch GET 200 https://registry.npmjs.org/webidl-conversions 97ms (cache miss)
462 silly packumentCache full:https://registry.npmjs.org/webidl-conversions set size:undefined disposed:false
463 http fetch GET 200 https://registry.npmjs.org/@types%2fwebidl-conversions 103ms (cache miss)
464 silly packumentCache full:https://registry.npmjs.org/@types%2fwebidl-conversions set size:undefined disposed:false
465 silly placeDep ROOT @types/webidl-conversions@7.0.3 OK for: @types/whatwg-url@11.0.5 want: *
466 silly placeDep node_modules/mquery debug@4.4.3 OK for: mquery@5.0.0 want: 4.x
467 silly fetch manifest ms@^2.1.3
468 silly packumentCache full:https://registry.npmjs.org/ms cache-hit
469 silly placeDep ROOT chokidar@3.6.0 OK for: nodemon@3.1.14 want: ^3.5.2
470 silly placeDep node_modules/nodemon debug@4.4.3 OK for: nodemon@3.1.14 want: ^4
471 silly placeDep ROOT ignore-by-default@1.0.1 OK for: nodemon@3.1.14 want: ^1.0.1
472 silly placeDep ROOT minimatch@10.2.6 OK for: nodemon@3.1.14 want: ^10.2.1
473 silly placeDep ROOT pstree.remy@1.1.8 OK for: nodemon@3.1.14 want: ^1.1.8
474 silly placeDep ROOT semver@7.8.5 OK for: nodemon@3.1.14 want: ^7.5.3
475 silly placeDep ROOT simple-update-notifier@2.0.0 OK for: nodemon@3.1.14 want: ^2.0.0
476 silly placeDep ROOT supports-color@5.5.0 OK for: nodemon@3.1.14 want: ^5.5.0
477 silly placeDep ROOT touch@3.1.1 OK for: nodemon@3.1.14 want: ^3.1.0
478 silly placeDep ROOT undefsafe@2.0.5 OK for: nodemon@3.1.14 want: ^2.0.5
479 silly fetch manifest braces@~3.0.2
480 silly packumentCache full:https://registry.npmjs.org/braces cache-miss
481 silly fetch manifest is-glob@~4.0.1
482 silly packumentCache full:https://registry.npmjs.org/is-glob cache-miss
483 silly fetch manifest anymatch@~3.1.2
484 silly packumentCache full:https://registry.npmjs.org/anymatch cache-miss
485 silly fetch manifest readdirp@~3.6.0
486 silly packumentCache full:https://registry.npmjs.org/readdirp cache-miss
487 silly fetch manifest glob-parent@~5.1.2
488 silly packumentCache full:https://registry.npmjs.org/glob-parent cache-miss
489 silly fetch manifest is-binary-path@~2.1.0
490 silly packumentCache full:https://registry.npmjs.org/is-binary-path cache-miss
491 silly fetch manifest normalize-path@~3.0.0
492 silly packumentCache full:https://registry.npmjs.org/normalize-path cache-miss
493 silly fetch manifest fsevents@~2.3.2
494 silly packumentCache full:https://registry.npmjs.org/fsevents cache-miss
495 silly fetch manifest brace-expansion@^5.0.8
496 silly packumentCache full:https://registry.npmjs.org/brace-expansion cache-miss
497 silly fetch manifest has-flag@^3.0.0
498 silly packumentCache full:https://registry.npmjs.org/has-flag cache-miss
499 http fetch GET 200 https://registry.npmjs.org/braces 102ms (cache miss)
500 silly packumentCache full:https://registry.npmjs.org/braces set size:undefined disposed:false
501 http fetch GET 200 https://registry.npmjs.org/is-binary-path 154ms (cache miss)
502 silly packumentCache full:https://registry.npmjs.org/is-binary-path set size:undefined disposed:false
503 http fetch GET 200 https://registry.npmjs.org/is-glob 158ms (cache miss)
504 silly packumentCache full:https://registry.npmjs.org/is-glob set size:undefined disposed:false
505 http fetch GET 200 https://registry.npmjs.org/normalize-path 159ms (cache miss)
506 silly packumentCache full:https://registry.npmjs.org/normalize-path set size:undefined disposed:false
507 http fetch GET 200 https://registry.npmjs.org/has-flag 159ms (cache miss)
508 silly packumentCache full:https://registry.npmjs.org/has-flag set size:undefined disposed:false
509 http fetch GET 200 https://registry.npmjs.org/anymatch 163ms (cache miss)
510 silly packumentCache full:https://registry.npmjs.org/anymatch set size:undefined disposed:false
511 http fetch GET 200 https://registry.npmjs.org/glob-parent 164ms (cache miss)
512 silly packumentCache full:https://registry.npmjs.org/glob-parent set size:undefined disposed:false
513 http fetch GET 200 https://registry.npmjs.org/brace-expansion 164ms (cache miss)
514 silly packumentCache full:https://registry.npmjs.org/brace-expansion set size:undefined disposed:false
515 http fetch GET 200 https://registry.npmjs.org/readdirp 168ms (cache miss)
516 silly packumentCache full:https://registry.npmjs.org/readdirp set size:undefined disposed:false
517 http fetch GET 200 https://registry.npmjs.org/fsevents 171ms (cache miss)
518 silly packumentCache full:https://registry.npmjs.org/fsevents set size:undefined disposed:false
519 silly placeDep ROOT anymatch@3.1.3 OK for: chokidar@3.6.0 want: ~3.1.2
520 silly placeDep ROOT braces@3.0.3 OK for: chokidar@3.6.0 want: ~3.0.2
521 silly placeDep ROOT fsevents@2.3.3 OK for: chokidar@3.6.0 want: ~2.3.2
522 silly placeDep ROOT glob-parent@5.1.2 OK for: chokidar@3.6.0 want: ~5.1.2
523 silly placeDep ROOT is-binary-path@2.1.0 OK for: chokidar@3.6.0 want: ~2.1.0
524 silly placeDep ROOT is-glob@4.0.3 OK for: chokidar@3.6.0 want: ~4.0.1
525 silly placeDep ROOT normalize-path@3.0.0 OK for: chokidar@3.6.0 want: ~3.0.0
526 silly placeDep ROOT readdirp@3.6.0 OK for: chokidar@3.6.0 want: ~3.6.0
527 silly fetch manifest picomatch@^2.0.4
528 silly packumentCache full:https://registry.npmjs.org/picomatch cache-miss
529 silly fetch manifest normalize-path@^3.0.0
530 silly packumentCache full:https://registry.npmjs.org/normalize-path cache-miss
531 silly fetch manifest fill-range@^7.1.1
532 silly packumentCache full:https://registry.npmjs.org/fill-range cache-miss
533 silly fetch manifest is-glob@^4.0.1
534 silly packumentCache full:https://registry.npmjs.org/is-glob cache-miss
535 silly fetch manifest binary-extensions@^2.0.0
536 silly packumentCache full:https://registry.npmjs.org/binary-extensions cache-miss
537 silly fetch manifest is-extglob@^2.1.1
538 silly packumentCache full:https://registry.npmjs.org/is-extglob cache-miss
539 silly fetch manifest picomatch@^2.2.1
540 silly packumentCache full:https://registry.npmjs.org/picomatch cache-miss
541 http cache https://registry.npmjs.org/is-glob 12ms (cache hit)
542 silly packumentCache full:https://registry.npmjs.org/is-glob set size:40530 disposed:false
543 http cache https://registry.npmjs.org/normalize-path 13ms (cache hit)
544 silly packumentCache full:https://registry.npmjs.org/normalize-path set size:28713 disposed:false
545 http fetch GET 200 https://registry.npmjs.org/is-extglob 78ms (cache miss)
546 silly packumentCache full:https://registry.npmjs.org/is-extglob set size:undefined disposed:false
547 http fetch GET 200 https://registry.npmjs.org/fill-range 80ms (cache miss)
548 silly packumentCache full:https://registry.npmjs.org/fill-range set size:undefined disposed:false
549 http fetch GET 200 https://registry.npmjs.org/binary-extensions 84ms (cache miss)
550 silly packumentCache full:https://registry.npmjs.org/binary-extensions set size:undefined disposed:false
551 http fetch GET 200 https://registry.npmjs.org/picomatch 95ms (cache miss)
552 silly packumentCache full:https://registry.npmjs.org/picomatch set size:undefined disposed:false
553 http fetch GET 200 https://registry.npmjs.org/picomatch 96ms (cache miss)
554 silly packumentCache full:https://registry.npmjs.org/picomatch set size:undefined disposed:false
555 silly placeDep ROOT picomatch@2.3.2 OK for: anymatch@3.1.3 want: ^2.0.4
556 silly placeDep ROOT fill-range@7.1.1 OK for: braces@3.0.3 want: ^7.1.1
557 silly fetch manifest to-regex-range@^5.0.1
558 silly packumentCache full:https://registry.npmjs.org/to-regex-range cache-miss
559 http fetch GET 200 https://registry.npmjs.org/to-regex-range 411ms (cache miss)
560 silly packumentCache full:https://registry.npmjs.org/to-regex-range set size:undefined disposed:false
561 silly placeDep ROOT to-regex-range@5.0.1 OK for: fill-range@7.1.1 want: ^5.0.1
562 silly fetch manifest is-number@^7.0.0
563 silly packumentCache full:https://registry.npmjs.org/is-number cache-miss
564 http fetch GET 200 https://registry.npmjs.org/is-number 207ms (cache miss)
565 silly packumentCache full:https://registry.npmjs.org/is-number set size:undefined disposed:false
566 silly placeDep ROOT binary-extensions@2.3.0 OK for: is-binary-path@2.1.0 want: ^2.0.0
567 silly placeDep ROOT is-extglob@2.1.1 OK for: is-glob@4.0.3 want: ^2.1.1
568 silly placeDep ROOT brace-expansion@5.0.9 OK for: minimatch@10.2.6 want: ^5.0.8
569 silly fetch manifest balanced-match@^4.0.2
570 silly packumentCache full:https://registry.npmjs.org/balanced-match cache-miss
571 http fetch GET 200 https://registry.npmjs.org/balanced-match 114ms (cache miss)
572 silly packumentCache full:https://registry.npmjs.org/balanced-match set size:undefined disposed:false
573 silly placeDep ROOT balanced-match@4.0.4 OK for: brace-expansion@5.0.9 want: ^4.0.2
574 silly placeDep ROOT ee-first@1.1.1 OK for: on-finished@2.4.1 want: 1.1.1
575 silly placeDep ROOT forwarded@0.2.0 OK for: proxy-addr@2.0.7 want: 0.2.0
576 silly placeDep ROOT ipaddr.js@1.9.1 OK for: proxy-addr@2.0.7 want: 1.9.1
577 silly placeDep ROOT es-define-property@1.0.1 OK for: qs@6.15.3 want: ^1.0.1
578 silly placeDep ROOT side-channel@1.1.1 OK for: qs@6.15.3 want: ^1.1.1
579 silly fetch manifest es-errors@^1.3.0
580 silly packumentCache full:https://registry.npmjs.org/es-errors cache-miss
581 silly fetch manifest object-inspect@^1.13.4
582 silly packumentCache full:https://registry.npmjs.org/object-inspect cache-miss
583 silly fetch manifest side-channel-list@^1.0.1
584 silly packumentCache full:https://registry.npmjs.org/side-channel-list cache-miss
585 silly fetch manifest side-channel-map@^1.0.1
586 silly packumentCache full:https://registry.npmjs.org/side-channel-map cache-miss
587 silly fetch manifest side-channel-weakmap@^1.0.2
588 silly packumentCache full:https://registry.npmjs.org/side-channel-weakmap cache-miss
589 http fetch GET 200 https://registry.npmjs.org/es-errors 119ms (cache miss)
590 silly packumentCache full:https://registry.npmjs.org/es-errors set size:undefined disposed:false
591 http fetch GET 200 https://registry.npmjs.org/side-channel-list 120ms (cache miss)
592 silly packumentCache full:https://registry.npmjs.org/side-channel-list set size:undefined disposed:false
593 http fetch GET 200 https://registry.npmjs.org/object-inspect 122ms (cache miss)
594 silly packumentCache full:https://registry.npmjs.org/object-inspect set size:undefined disposed:false
595 http fetch GET 200 https://registry.npmjs.org/side-channel-map 124ms (cache miss)
596 silly packumentCache full:https://registry.npmjs.org/side-channel-map set size:undefined disposed:false
597 http fetch GET 200 https://registry.npmjs.org/side-channel-weakmap 124ms (cache miss)
598 silly packumentCache full:https://registry.npmjs.org/side-channel-weakmap set size:undefined disposed:false
599 silly placeDep ROOT mime@1.6.0 OK for: send@0.19.2 want: 1.6.0
600 silly placeDep node_modules/send ms@2.1.3 OK for: send@0.19.2 want: 2.1.3
601 silly placeDep ROOT es-errors@1.3.0 OK for: side-channel@1.1.1 want: ^1.3.0
602 silly placeDep ROOT object-inspect@1.13.4 OK for: side-channel@1.1.1 want: ^1.13.4
603 silly placeDep ROOT side-channel-list@1.0.1 OK for: side-channel@1.1.1 want: ^1.0.1
604 silly placeDep ROOT side-channel-map@1.0.1 OK for: side-channel@1.1.1 want: ^1.0.1
605 silly placeDep ROOT side-channel-weakmap@1.0.2 OK for: side-channel@1.1.1 want: ^1.0.2
606 silly fetch manifest call-bound@^1.0.2
607 silly packumentCache full:https://registry.npmjs.org/call-bound cache-miss
608 silly fetch manifest get-intrinsic@^1.2.5
609 silly packumentCache full:https://registry.npmjs.org/get-intrinsic cache-miss
610 silly fetch manifest call-bound@^1.0.2
611 silly packumentCache full:https://registry.npmjs.org/call-bound cache-miss
612 silly fetch manifest get-intrinsic@^1.2.5
613 silly packumentCache full:https://registry.npmjs.org/get-intrinsic cache-miss
614 http fetch GET 200 https://registry.npmjs.org/call-bound 109ms (cache miss)
615 silly packumentCache full:https://registry.npmjs.org/call-bound set size:undefined disposed:false
616 http fetch GET 200 https://registry.npmjs.org/call-bound 109ms (cache miss)
617 silly packumentCache full:https://registry.npmjs.org/call-bound set size:undefined disposed:false
618 http fetch GET 200 https://registry.npmjs.org/get-intrinsic 112ms (cache miss)
619 silly packumentCache full:https://registry.npmjs.org/get-intrinsic set size:undefined disposed:false
620 http fetch GET 200 https://registry.npmjs.org/get-intrinsic 112ms (cache miss)
621 silly packumentCache full:https://registry.npmjs.org/get-intrinsic set size:undefined disposed:false
622 silly placeDep ROOT call-bound@1.0.4 OK for: side-channel-map@1.0.1 want: ^1.0.2
623 silly placeDep ROOT get-intrinsic@1.3.0 OK for: side-channel-map@1.0.1 want: ^1.2.5
624 silly fetch manifest call-bind-apply-helpers@^1.0.2
625 silly packumentCache full:https://registry.npmjs.org/call-bind-apply-helpers cache-miss
626 silly fetch manifest get-intrinsic@^1.3.0
627 silly packumentCache full:https://registry.npmjs.org/get-intrinsic cache-miss
628 silly fetch manifest gopd@^1.2.0
629 silly packumentCache full:https://registry.npmjs.org/gopd cache-miss
630 silly fetch manifest hasown@^2.0.2
631 silly packumentCache full:https://registry.npmjs.org/hasown cache-miss
632 silly fetch manifest get-proto@^1.0.1
633 silly packumentCache full:https://registry.npmjs.org/get-proto cache-miss
634 silly fetch manifest has-symbols@^1.1.0
635 silly packumentCache full:https://registry.npmjs.org/has-symbols cache-miss
636 silly fetch manifest function-bind@^1.1.2
637 silly packumentCache full:https://registry.npmjs.org/function-bind cache-miss
638 silly fetch manifest es-object-atoms@^1.1.1
639 silly packumentCache full:https://registry.npmjs.org/es-object-atoms cache-miss
640 silly fetch manifest math-intrinsics@^1.1.0
641 silly packumentCache full:https://registry.npmjs.org/math-intrinsics cache-miss
642 silly fetch manifest call-bind-apply-helpers@^1.0.2
643 silly packumentCache full:https://registry.npmjs.org/call-bind-apply-helpers cache-miss
644 http cache https://registry.npmjs.org/get-intrinsic 13ms (cache hit)
645 silly packumentCache full:https://registry.npmjs.org/get-intrinsic set size:60985 disposed:false
646 http fetch GET 200 https://registry.npmjs.org/call-bind-apply-helpers 115ms (cache miss)
647 silly packumentCache full:https://registry.npmjs.org/call-bind-apply-helpers set size:undefined disposed:false
648 http fetch GET 200 https://registry.npmjs.org/function-bind 115ms (cache miss)
649 silly packumentCache full:https://registry.npmjs.org/function-bind set size:undefined disposed:false
650 http fetch GET 200 https://registry.npmjs.org/es-object-atoms 116ms (cache miss)
651 silly packumentCache full:https://registry.npmjs.org/es-object-atoms set size:undefined disposed:false
652 http fetch GET 200 https://registry.npmjs.org/has-symbols 117ms (cache miss)
653 silly packumentCache full:https://registry.npmjs.org/has-symbols set size:undefined disposed:false
654 http fetch GET 200 https://registry.npmjs.org/call-bind-apply-helpers 117ms (cache miss)
655 silly packumentCache full:https://registry.npmjs.org/call-bind-apply-helpers set size:undefined disposed:false
656 http fetch GET 200 https://registry.npmjs.org/gopd 120ms (cache miss)
657 silly packumentCache full:https://registry.npmjs.org/gopd set size:undefined disposed:false
658 http fetch GET 200 https://registry.npmjs.org/hasown 120ms (cache miss)
659 silly packumentCache full:https://registry.npmjs.org/hasown set size:undefined disposed:false
660 http fetch GET 200 https://registry.npmjs.org/get-proto 121ms (cache miss)
661 silly packumentCache full:https://registry.npmjs.org/get-proto set size:undefined disposed:false
662 http fetch GET 200 https://registry.npmjs.org/math-intrinsics 121ms (cache miss)
663 silly packumentCache full:https://registry.npmjs.org/math-intrinsics set size:undefined disposed:false
664 silly placeDep ROOT call-bind-apply-helpers@1.0.2 OK for: call-bound@1.0.4 want: ^1.0.2
665 silly placeDep ROOT function-bind@1.1.2 OK for: call-bind-apply-helpers@1.0.2 want: ^1.1.2
666 silly placeDep ROOT es-object-atoms@1.1.2 OK for: get-intrinsic@1.3.0 want: ^1.1.1
667 silly placeDep ROOT get-proto@1.0.1 OK for: get-intrinsic@1.3.0 want: ^1.0.1
668 silly placeDep ROOT gopd@1.2.0 OK for: get-intrinsic@1.3.0 want: ^1.2.0
669 silly placeDep ROOT has-symbols@1.1.0 OK for: get-intrinsic@1.3.0 want: ^1.1.0
670 silly placeDep ROOT hasown@2.0.4 OK for: get-intrinsic@1.3.0 want: ^2.0.2
671 silly placeDep ROOT math-intrinsics@1.1.0 OK for: get-intrinsic@1.3.0 want: ^1.1.0
672 silly fetch manifest dunder-proto@^1.0.1
673 silly packumentCache full:https://registry.npmjs.org/dunder-proto cache-miss
674 http fetch GET 200 https://registry.npmjs.org/dunder-proto 103ms (cache miss)
675 silly packumentCache full:https://registry.npmjs.org/dunder-proto set size:undefined disposed:false
676 silly placeDep ROOT dunder-proto@1.0.1 OK for: get-proto@1.0.1 want: ^1.0.1
677 silly placeDep ROOT memory-pager@1.5.0 OK for: sparse-bitfield@3.0.3 want: ^1.0.2
678 silly placeDep ROOT has-flag@3.0.0 OK for: supports-color@5.5.0 want: ^3.0.0
679 silly placeDep ROOT is-number@7.0.0 OK for: to-regex-range@5.0.1 want: ^7.0.0
680 silly placeDep ROOT media-typer@0.3.0 OK for: type-is@1.6.18 want: 0.3.0
681 silly placeDep ROOT tr46@5.1.1 OK for: whatwg-url@14.2.0 want: ^5.1.0
682 silly placeDep ROOT webidl-conversions@7.0.0 OK for: whatwg-url@14.2.0 want: ^7.0.0
683 silly fetch manifest punycode@^2.3.1
684 silly packumentCache full:https://registry.npmjs.org/punycode cache-miss
685 http fetch GET 200 https://registry.npmjs.org/punycode 115ms (cache miss)
686 silly packumentCache full:https://registry.npmjs.org/punycode set size:undefined disposed:false
687 silly placeDep ROOT punycode@2.3.1 OK for: tr46@5.1.1 want: ^2.3.1
688 silly placeDep node_modules/mquery ms@2.1.3 OK for: debug@4.4.3 want: ^2.1.3
689 silly placeDep node_modules/nodemon ms@2.1.3 OK for: debug@4.4.3 want: ^2.1.3
690 silly reify moves {}
691 silly audit bulk request {
691 silly audit   cors: [ '2.8.6' ],
691 silly audit   dotenv: [ '16.6.1' ],
691 silly audit   express: [ '4.22.2' ],
691 silly audit   mongoose: [ '8.24.2' ],
691 silly audit   nodemon: [ '3.1.14' ],
691 silly audit   'object-assign': [ '4.1.1' ],
691 silly audit   vary: [ '1.1.2' ],
691 silly audit   accepts: [ '1.3.8' ],
691 silly audit   'array-flatten': [ '1.1.1' ],
691 silly audit   'body-parser': [ '1.20.6' ],
691 silly audit   'content-disposition': [ '0.5.4' ],
691 silly audit   'content-type': [ '1.0.5' ],
691 silly audit   cookie: [ '0.7.2' ],
691 silly audit   'cookie-signature': [ '1.0.7' ],
691 silly audit   debug: [ '2.6.9', '4.4.3' ],
691 silly audit   depd: [ '2.0.0' ],
691 silly audit   encodeurl: [ '2.0.0' ],
691 silly audit   'escape-html': [ '1.0.3' ],
691 silly audit   etag: [ '1.8.1' ],
691 silly audit   finalhandler: [ '1.3.2' ],
691 silly audit   fresh: [ '0.5.2' ],
691 silly audit   'http-errors': [ '2.0.1' ],
691 silly audit   'merge-descriptors': [ '1.0.3' ],
691 silly audit   methods: [ '1.1.2' ],
691 silly audit   'on-finished': [ '2.4.1' ],
691 silly audit   parseurl: [ '1.3.3' ],
691 silly audit   'path-to-regexp': [ '0.1.13' ],
691 silly audit   'proxy-addr': [ '2.0.7' ],
691 silly audit   qs: [ '6.15.3' ],
691 silly audit   'range-parser': [ '1.2.1' ],
691 silly audit   'safe-buffer': [ '5.2.1' ],
691 silly audit   send: [ '0.19.2' ],
691 silly audit   'serve-static': [ '1.16.3' ],
691 silly audit   setprototypeof: [ '1.2.0' ],
691 silly audit   statuses: [ '2.0.2' ],
691 silly audit   'type-is': [ '1.6.18' ],
691 silly audit   'utils-merge': [ '1.0.1' ],
691 silly audit   'mime-types': [ '2.1.35' ],
691 silly audit   negotiator: [ '0.6.3' ],
691 silly audit   bytes: [ '3.1.2' ],
691 silly audit   destroy: [ '1.2.0' ],
691 silly audit   'iconv-lite': [ '0.4.24' ],
691 silly audit   'raw-body': [ '2.5.3' ],
691 silly audit   unpipe: [ '1.0.0' ],
691 silly audit   ms: [ '2.0.0', '2.1.3' ],
691 silly audit   inherits: [ '2.0.4' ],
691 silly audit   toidentifier: [ '1.0.1' ],
691 silly audit   'safer-buffer': [ '2.1.2' ],
691 silly audit   'mime-db': [ '1.52.0' ],
691 silly audit   bson: [ '6.10.4' ],
691 silly audit   kareem: [ '2.6.3' ],
691 silly audit   mongodb: [ '6.20.0' ],
691 silly audit   mpath: [ '0.9.0' ],
691 silly audit   mquery: [ '5.0.0' ],
691 silly audit   sift: [ '17.1.3' ],
691 silly audit   '@mongodb-js/saslprep': [ '1.4.13' ],
691 silly audit   'mongodb-connection-string-url': [ '3.0.2' ],
691 silly audit   'sparse-bitfield': [ '3.0.3' ],
691 silly audit   '@types/whatwg-url': [ '11.0.5' ],
691 silly audit   'whatwg-url': [ '14.2.0' ],
691 silly audit   '@types/webidl-conversions': [ '7.0.3' ],
691 silly audit   chokidar: [ '3.6.0' ],
691 silly audit   'ignore-by-default': [ '1.0.1' ],
691 silly audit   minimatch: [ '10.2.6' ],
691 silly audit   'pstree.remy': [ '1.1.8' ],
691 silly audit   semver: [ '7.8.5' ],
691 silly audit   'simple-update-notifier': [ '2.0.0' ],
691 silly audit   'supports-color': [ '5.5.0' ],
691 silly audit   touch: [ '3.1.1' ],
691 silly audit   undefsafe: [ '2.0.5' ],
691 silly audit   anymatch: [ '3.1.3' ],
691 silly audit   braces: [ '3.0.3' ],
691 silly audit   fsevents: [ '2.3.3' ],
691 silly audit   'glob-parent': [ '5.1.2' ],
691 silly audit   'is-binary-path': [ '2.1.0' ],
691 silly audit   'is-glob': [ '4.0.3' ],
691 silly audit   'normalize-path': [ '3.0.0' ],
691 silly audit   readdirp: [ '3.6.0' ],
691 silly audit   picomatch: [ '2.3.2' ],
691 silly audit   'fill-range': [ '7.1.1' ],
691 silly audit   'to-regex-range': [ '5.0.1' ],
691 silly audit   'binary-extensions': [ '2.3.0' ],
691 silly audit   'is-extglob': [ '2.1.1' ],
691 silly audit   'brace-expansion': [ '5.0.9' ],
691 silly audit   'balanced-match': [ '4.0.4' ],
691 silly audit   'ee-first': [ '1.1.1' ],
691 silly audit   forwarded: [ '0.2.0' ],
691 silly audit   'ipaddr.js': [ '1.9.1' ],
691 silly audit   'es-define-property': [ '1.0.1' ],
691 silly audit   'side-channel': [ '1.1.1' ],
691 silly audit   mime: [ '1.6.0' ],
691 silly audit   'es-errors': [ '1.3.0' ],
691 silly audit   'object-inspect': [ '1.13.4' ],
691 silly audit   'side-channel-list': [ '1.0.1' ],
691 silly audit   'side-channel-map': [ '1.0.1' ],
691 silly audit   'side-channel-weakmap': [ '1.0.2' ],
691 silly audit   'call-bound': [ '1.0.4' ],
691 silly audit   'get-intrinsic': [ '1.3.0' ],
691 silly audit   'call-bind-apply-helpers': [ '1.0.2' ],
691 silly audit   'function-bind': [ '1.1.2' ],
691 silly audit   'es-object-atoms': [ '1.1.2' ],
691 silly audit   'get-proto': [ '1.0.1' ],
691 silly audit   gopd: [ '1.2.0' ],
691 silly audit   'has-symbols': [ '1.1.0' ],
691 silly audit   hasown: [ '2.0.4' ],
691 silly audit   'math-intrinsics': [ '1.1.0' ],
691 silly audit   'dunder-proto': [ '1.0.1' ],
691 silly audit   'memory-pager': [ '1.5.0' ],
691 silly audit   'has-flag': [ '3.0.0' ],
691 silly audit   'is-number': [ '7.0.0' ],
691 silly audit   'media-typer': [ '0.3.0' ],
691 silly audit   tr46: [ '5.1.1' ],
691 silly audit   'webidl-conversions': [ '7.0.0' ],
691 silly audit   punycode: [ '2.3.1' ]
691 silly audit }
692 verbose reify failed optional dependency E:\House\backend\node_modules\fsevents
693 silly reify mark deleted [ 'E:\\House\\backend\\node_modules\\fsevents' ]
694 http cache punycode@https://registry.npmjs.org/punycode/-/punycode-2.3.1.tgz 0ms (cache hit)
695 http cache tr46@https://registry.npmjs.org/tr46/-/tr46-5.1.1.tgz 0ms (cache hit)
696 http cache webidl-conversions@https://registry.npmjs.org/webidl-conversions/-/webidl-conversions-7.0.0.tgz 0ms (cache hit)
697 http cache media-typer@https://registry.npmjs.org/media-typer/-/media-typer-0.3.0.tgz 0ms (cache hit)
698 http cache has-flag@https://registry.npmjs.org/has-flag/-/has-flag-3.0.0.tgz 0ms (cache hit)
699 http cache is-number@https://registry.npmjs.org/is-number/-/is-number-7.0.0.tgz 0ms (cache hit)
700 http cache dunder-proto@https://registry.npmjs.org/dunder-proto/-/dunder-proto-1.0.1.tgz 0ms (cache hit)
701 http cache math-intrinsics@https://registry.npmjs.org/math-intrinsics/-/math-intrinsics-1.1.0.tgz 0ms (cache hit)
702 http cache memory-pager@https://registry.npmjs.org/memory-pager/-/memory-pager-1.5.0.tgz 0ms (cache hit)
703 http cache has-symbols@https://registry.npmjs.org/has-symbols/-/has-symbols-1.1.0.tgz 0ms (cache hit)
704 http cache hasown@https://registry.npmjs.org/hasown/-/hasown-2.0.4.tgz 0ms (cache hit)
705 http cache get-proto@https://registry.npmjs.org/get-proto/-/get-proto-1.0.1.tgz 0ms (cache hit)
706 http cache gopd@https://registry.npmjs.org/gopd/-/gopd-1.2.0.tgz 0ms (cache hit)
707 http cache es-object-atoms@https://registry.npmjs.org/es-object-atoms/-/es-object-atoms-1.1.2.tgz 0ms (cache hit)
708 http cache call-bound@https://registry.npmjs.org/call-bound/-/call-bound-1.0.4.tgz 0ms (cache hit)
709 http cache function-bind@https://registry.npmjs.org/function-bind/-/function-bind-1.1.2.tgz 0ms (cache hit)
710 http cache get-intrinsic@https://registry.npmjs.org/get-intrinsic/-/get-intrinsic-1.3.0.tgz 0ms (cache hit)
711 http cache call-bind-apply-helpers@https://registry.npmjs.org/call-bind-apply-helpers/-/call-bind-apply-helpers-1.0.2.tgz 0ms (cache hit)
712 http cache side-channel-list@https://registry.npmjs.org/side-channel-list/-/side-channel-list-1.0.1.tgz 0ms (cache hit)
713 http cache side-channel-weakmap@https://registry.npmjs.org/side-channel-weakmap/-/side-channel-weakmap-1.0.2.tgz 0ms (cache hit)
714 http cache side-channel-map@https://registry.npmjs.org/side-channel-map/-/side-channel-map-1.0.1.tgz 0ms (cache hit)
715 http cache es-errors@https://registry.npmjs.org/es-errors/-/es-errors-1.3.0.tgz 0ms (cache hit)
716 http cache object-inspect@https://registry.npmjs.org/object-inspect/-/object-inspect-1.13.4.tgz 0ms (cache hit)
717 http cache side-channel@https://registry.npmjs.org/side-channel/-/side-channel-1.1.1.tgz 0ms (cache hit)
718 http cache mime@https://registry.npmjs.org/mime/-/mime-1.6.0.tgz 0ms (cache hit)
719 http cache es-define-property@https://registry.npmjs.org/es-define-property/-/es-define-property-1.0.1.tgz 0ms (cache hit)
720 http cache ipaddr.js@https://registry.npmjs.org/ipaddr.js/-/ipaddr.js-1.9.1.tgz 0ms (cache hit)
721 http cache balanced-match@https://registry.npmjs.org/balanced-match/-/balanced-match-4.0.4.tgz 0ms (cache hit)
722 http cache ee-first@https://registry.npmjs.org/ee-first/-/ee-first-1.1.1.tgz 0ms (cache hit)
723 http cache forwarded@https://registry.npmjs.org/forwarded/-/forwarded-0.2.0.tgz 0ms (cache hit)
724 http cache brace-expansion@https://registry.npmjs.org/brace-expansion/-/brace-expansion-5.0.9.tgz 0ms (cache hit)
725 http cache binary-extensions@https://registry.npmjs.org/binary-extensions/-/binary-extensions-2.3.0.tgz 0ms (cache hit)
726 http cache to-regex-range@https://registry.npmjs.org/to-regex-range/-/to-regex-range-5.0.1.tgz 0ms (cache hit)
727 http cache is-extglob@https://registry.npmjs.org/is-extglob/-/is-extglob-2.1.1.tgz 0ms (cache hit)
728 http cache picomatch@https://registry.npmjs.org/picomatch/-/picomatch-2.3.2.tgz 0ms (cache hit)
729 http cache is-glob@https://registry.npmjs.org/is-glob/-/is-glob-4.0.3.tgz 0ms (cache hit)
730 http cache normalize-path@https://registry.npmjs.org/normalize-path/-/normalize-path-3.0.0.tgz 0ms (cache hit)
731 http cache glob-parent@https://registry.npmjs.org/glob-parent/-/glob-parent-5.1.2.tgz 0ms (cache hit)
732 http cache fill-range@https://registry.npmjs.org/fill-range/-/fill-range-7.1.1.tgz 0ms (cache hit)
733 http cache undefsafe@https://registry.npmjs.org/undefsafe/-/undefsafe-2.0.5.tgz 0ms (cache hit)
734 http cache braces@https://registry.npmjs.org/braces/-/braces-3.0.3.tgz 0ms (cache hit)
735 http cache readdirp@https://registry.npmjs.org/readdirp/-/readdirp-3.6.0.tgz 0ms (cache hit)
736 http cache anymatch@https://registry.npmjs.org/anymatch/-/anymatch-3.1.3.tgz 0ms (cache hit)
737 http cache touch@https://registry.npmjs.org/touch/-/touch-3.1.1.tgz 0ms (cache hit)
738 http cache is-binary-path@https://registry.npmjs.org/is-binary-path/-/is-binary-path-2.1.0.tgz 0ms (cache hit)
739 http cache semver@https://registry.npmjs.org/semver/-/semver-7.8.5.tgz 0ms (cache hit)
740 http cache supports-color@https://registry.npmjs.org/supports-color/-/supports-color-5.5.0.tgz 0ms (cache hit)
741 http cache pstree.remy@https://registry.npmjs.org/pstree.remy/-/pstree.remy-1.1.8.tgz 0ms (cache hit)
742 http cache @types/webidl-conversions@https://registry.npmjs.org/@types/webidl-conversions/-/webidl-conversions-7.0.3.tgz 0ms (cache hit)
743 http cache @types/whatwg-url@https://registry.npmjs.org/@types/whatwg-url/-/whatwg-url-11.0.5.tgz 0ms (cache hit)
744 http cache simple-update-notifier@https://registry.npmjs.org/simple-update-notifier/-/simple-update-notifier-2.0.0.tgz 0ms (cache hit)
745 http cache ignore-by-default@https://registry.npmjs.org/ignore-by-default/-/ignore-by-default-1.0.1.tgz 0ms (cache hit)
746 http cache chokidar@https://registry.npmjs.org/chokidar/-/chokidar-3.6.0.tgz 0ms (cache hit)
747 http cache whatwg-url@https://registry.npmjs.org/whatwg-url/-/whatwg-url-14.2.0.tgz 0ms (cache hit)
748 http cache @mongodb-js/saslprep@https://registry.npmjs.org/@mongodb-js/saslprep/-/saslprep-1.4.13.tgz 0ms (cache hit)
749 http cache minimatch@https://registry.npmjs.org/minimatch/-/minimatch-10.2.6.tgz 0ms (cache hit)
750 http cache mongodb-connection-string-url@https://registry.npmjs.org/mongodb-connection-string-url/-/mongodb-connection-string-url-3.0.2.tgz 0ms (cache hit)
751 http cache sparse-bitfield@https://registry.npmjs.org/sparse-bitfield/-/sparse-bitfield-3.0.3.tgz 0ms (cache hit)
752 http cache mongodb@https://registry.npmjs.org/mongodb/-/mongodb-6.20.0.tgz 0ms (cache hit)
753 http cache mquery@https://registry.npmjs.org/mquery/-/mquery-5.0.0.tgz 0ms (cache hit)
754 http cache mpath@https://registry.npmjs.org/mpath/-/mpath-0.9.0.tgz 0ms (cache hit)
755 http cache kareem@https://registry.npmjs.org/kareem/-/kareem-2.6.3.tgz 0ms (cache hit)
756 http cache mime-db@https://registry.npmjs.org/mime-db/-/mime-db-1.52.0.tgz 0ms (cache hit)
757 http cache bson@https://registry.npmjs.org/bson/-/bson-6.10.4.tgz 0ms (cache hit)
758 http cache toidentifier@https://registry.npmjs.org/toidentifier/-/toidentifier-1.0.1.tgz 0ms (cache hit)
759 http cache ms@https://registry.npmjs.org/ms/-/ms-2.0.0.tgz 0ms (cache hit)
760 http cache inherits@https://registry.npmjs.org/inherits/-/inherits-2.0.4.tgz 0ms (cache hit)
761 http cache raw-body@https://registry.npmjs.org/raw-body/-/raw-body-2.5.3.tgz 0ms (cache hit)
762 http cache safer-buffer@https://registry.npmjs.org/safer-buffer/-/safer-buffer-2.1.2.tgz 0ms (cache hit)
763 http cache unpipe@https://registry.npmjs.org/unpipe/-/unpipe-1.0.0.tgz 0ms (cache hit)
764 http cache bytes@https://registry.npmjs.org/bytes/-/bytes-3.1.2.tgz 0ms (cache hit)
765 http cache iconv-lite@https://registry.npmjs.org/iconv-lite/-/iconv-lite-0.4.24.tgz 0ms (cache hit)
766 http cache destroy@https://registry.npmjs.org/destroy/-/destroy-1.2.0.tgz 0ms (cache hit)
767 http cache negotiator@https://registry.npmjs.org/negotiator/-/negotiator-0.6.3.tgz 0ms (cache hit)
768 http cache type-is@https://registry.npmjs.org/type-is/-/type-is-1.6.18.tgz 0ms (cache hit)
769 http cache statuses@https://registry.npmjs.org/statuses/-/statuses-2.0.2.tgz 0ms (cache hit)
770 http cache mime-types@https://registry.npmjs.org/mime-types/-/mime-types-2.1.35.tgz 0ms (cache hit)
771 http cache utils-merge@https://registry.npmjs.org/utils-merge/-/utils-merge-1.0.1.tgz 0ms (cache hit)
772 http cache serve-static@https://registry.npmjs.org/serve-static/-/serve-static-1.16.3.tgz 0ms (cache hit)
773 http cache setprototypeof@https://registry.npmjs.org/setprototypeof/-/setprototypeof-1.2.0.tgz 0ms (cache hit)
774 http cache safe-buffer@https://registry.npmjs.org/safe-buffer/-/safe-buffer-5.2.1.tgz 0ms (cache hit)
775 http cache range-parser@https://registry.npmjs.org/range-parser/-/range-parser-1.2.1.tgz 0ms (cache hit)
776 http cache qs@https://registry.npmjs.org/qs/-/qs-6.15.3.tgz 0ms (cache hit)
777 http cache send@https://registry.npmjs.org/send/-/send-0.19.2.tgz 0ms (cache hit)
778 http cache proxy-addr@https://registry.npmjs.org/proxy-addr/-/proxy-addr-2.0.7.tgz 0ms (cache hit)
779 http cache parseurl@https://registry.npmjs.org/parseurl/-/parseurl-1.3.3.tgz 0ms (cache hit)
780 http cache path-to-regexp@https://registry.npmjs.org/path-to-regexp/-/path-to-regexp-0.1.13.tgz 0ms (cache hit)
781 http cache methods@https://registry.npmjs.org/methods/-/methods-1.1.2.tgz 0ms (cache hit)
782 http cache merge-descriptors@https://registry.npmjs.org/merge-descriptors/-/merge-descriptors-1.0.3.tgz 0ms (cache hit)
783 http cache on-finished@https://registry.npmjs.org/on-finished/-/on-finished-2.4.1.tgz 0ms (cache hit)
784 http cache http-errors@https://registry.npmjs.org/http-errors/-/http-errors-2.0.1.tgz 0ms (cache hit)
785 http cache etag@https://registry.npmjs.org/etag/-/etag-1.8.1.tgz 0ms (cache hit)
786 http cache fresh@https://registry.npmjs.org/fresh/-/fresh-0.5.2.tgz 0ms (cache hit)
787 http cache finalhandler@https://registry.npmjs.org/finalhandler/-/finalhandler-1.3.2.tgz 0ms (cache hit)
788 http cache escape-html@https://registry.npmjs.org/escape-html/-/escape-html-1.0.3.tgz 0ms (cache hit)
789 http cache sift@https://registry.npmjs.org/sift/-/sift-17.1.3.tgz 0ms (cache hit)
790 http cache encodeurl@https://registry.npmjs.org/encodeurl/-/encodeurl-2.0.0.tgz 0ms (cache hit)
791 http cache cookie-signature@https://registry.npmjs.org/cookie-signature/-/cookie-signature-1.0.7.tgz 0ms (cache hit)
792 http cache debug@https://registry.npmjs.org/debug/-/debug-2.6.9.tgz 0ms (cache hit)
793 http cache cookie@https://registry.npmjs.org/cookie/-/cookie-0.7.2.tgz 0ms (cache hit)
794 http cache content-type@https://registry.npmjs.org/content-type/-/content-type-1.0.5.tgz 0ms (cache hit)
795 http cache array-flatten@https://registry.npmjs.org/array-flatten/-/array-flatten-1.1.1.tgz 0ms (cache hit)
796 http cache content-disposition@https://registry.npmjs.org/content-disposition/-/content-disposition-0.5.4.tgz 0ms (cache hit)
797 http cache accepts@https://registry.npmjs.org/accepts/-/accepts-1.3.8.tgz 0ms (cache hit)
798 http cache body-parser@https://registry.npmjs.org/body-parser/-/body-parser-1.20.6.tgz 0ms (cache hit)
799 http cache vary@https://registry.npmjs.org/vary/-/vary-1.1.2.tgz 0ms (cache hit)
800 http cache nodemon@https://registry.npmjs.org/nodemon/-/nodemon-3.1.14.tgz 0ms (cache hit)
801 http cache object-assign@https://registry.npmjs.org/object-assign/-/object-assign-4.1.1.tgz 0ms (cache hit)
802 http cache depd@https://registry.npmjs.org/depd/-/depd-2.0.0.tgz 0ms (cache hit)
803 http cache express@https://registry.npmjs.org/express/-/express-4.22.2.tgz 0ms (cache hit)
804 http cache debug@https://registry.npmjs.org/debug/-/debug-4.4.3.tgz 0ms (cache hit)
805 http cache dotenv@https://registry.npmjs.org/dotenv/-/dotenv-16.6.1.tgz 0ms (cache hit)
806 http cache ms@https://registry.npmjs.org/ms/-/ms-2.1.3.tgz 0ms (cache hit)
807 http cache ms@https://registry.npmjs.org/ms/-/ms-2.1.3.tgz 0ms (cache hit)
808 http cache cors@https://registry.npmjs.org/cors/-/cors-2.8.6.tgz 0ms (cache hit)
809 http cache mongoose@https://registry.npmjs.org/mongoose/-/mongoose-8.24.2.tgz 0ms (cache hit)
810 http cache debug@https://registry.npmjs.org/debug/-/debug-4.4.3.tgz 0ms (cache hit)
811 silly tarball no local data for punycode@https://registry.npmjs.org/punycode/-/punycode-2.3.1.tgz. Extracting by manifest.
812 silly tarball no local data for tr46@https://registry.npmjs.org/tr46/-/tr46-5.1.1.tgz. Extracting by manifest.
813 silly tarball no local data for webidl-conversions@https://registry.npmjs.org/webidl-conversions/-/webidl-conversions-7.0.0.tgz. Extracting by manifest.
814 silly tarball no local data for media-typer@https://registry.npmjs.org/media-typer/-/media-typer-0.3.0.tgz. Extracting by manifest.
815 silly tarball no local data for has-flag@https://registry.npmjs.org/has-flag/-/has-flag-3.0.0.tgz. Extracting by manifest.
816 silly tarball no local data for is-number@https://registry.npmjs.org/is-number/-/is-number-7.0.0.tgz. Extracting by manifest.
817 silly tarball no local data for dunder-proto@https://registry.npmjs.org/dunder-proto/-/dunder-proto-1.0.1.tgz. Extracting by manifest.
818 silly tarball no local data for math-intrinsics@https://registry.npmjs.org/math-intrinsics/-/math-intrinsics-1.1.0.tgz. Extracting by manifest.
819 silly tarball no local data for memory-pager@https://registry.npmjs.org/memory-pager/-/memory-pager-1.5.0.tgz. Extracting by manifest.
820 silly tarball no local data for hasown@https://registry.npmjs.org/hasown/-/hasown-2.0.4.tgz. Extracting by manifest.
821 silly tarball no local data for has-symbols@https://registry.npmjs.org/has-symbols/-/has-symbols-1.1.0.tgz. Extracting by manifest.
822 silly tarball no local data for get-proto@https://registry.npmjs.org/get-proto/-/get-proto-1.0.1.tgz. Extracting by manifest.
823 silly tarball no local data for gopd@https://registry.npmjs.org/gopd/-/gopd-1.2.0.tgz. Extracting by manifest.
824 http cache ms@https://registry.npmjs.org/ms/-/ms-2.1.3.tgz 0ms (cache hit)
825 silly tarball no local data for es-object-atoms@https://registry.npmjs.org/es-object-atoms/-/es-object-atoms-1.1.2.tgz. Extracting by manifest.
826 silly tarball no local data for call-bound@https://registry.npmjs.org/call-bound/-/call-bound-1.0.4.tgz. Extracting by manifest.
827 silly tarball no local data for function-bind@https://registry.npmjs.org/function-bind/-/function-bind-1.1.2.tgz. Extracting by manifest.
828 silly tarball no local data for get-intrinsic@https://registry.npmjs.org/get-intrinsic/-/get-intrinsic-1.3.0.tgz. Extracting by manifest.
829 silly tarball no local data for call-bind-apply-helpers@https://registry.npmjs.org/call-bind-apply-helpers/-/call-bind-apply-helpers-1.0.2.tgz. Extracting by manifest.
830 silly tarball no local data for side-channel-list@https://registry.npmjs.org/side-channel-list/-/side-channel-list-1.0.1.tgz. Extracting by manifest.
831 silly tarball no local data for side-channel-weakmap@https://registry.npmjs.org/side-channel-weakmap/-/side-channel-weakmap-1.0.2.tgz. Extracting by manifest.
832 silly tarball no local data for side-channel-map@https://registry.npmjs.org/side-channel-map/-/side-channel-map-1.0.1.tgz. Extracting by manifest.
833 silly tarball no local data for es-errors@https://registry.npmjs.org/es-errors/-/es-errors-1.3.0.tgz. Extracting by manifest.
834 silly tarball no local data for object-inspect@https://registry.npmjs.org/object-inspect/-/object-inspect-1.13.4.tgz. Extracting by manifest.
835 silly tarball no local data for side-channel@https://registry.npmjs.org/side-channel/-/side-channel-1.1.1.tgz. Extracting by manifest.
836 silly tarball no local data for es-define-property@https://registry.npmjs.org/es-define-property/-/es-define-property-1.0.1.tgz. Extracting by manifest.
837 silly tarball no local data for mime@https://registry.npmjs.org/mime/-/mime-1.6.0.tgz. Extracting by manifest.
838 silly tarball no local data for ipaddr.js@https://registry.npmjs.org/ipaddr.js/-/ipaddr.js-1.9.1.tgz. Extracting by manifest.
839 silly tarball no local data for balanced-match@https://registry.npmjs.org/balanced-match/-/balanced-match-4.0.4.tgz. Extracting by manifest.
840 silly tarball no local data for ee-first@https://registry.npmjs.org/ee-first/-/ee-first-1.1.1.tgz. Extracting by manifest.
841 silly tarball no local data for forwarded@https://registry.npmjs.org/forwarded/-/forwarded-0.2.0.tgz. Extracting by manifest.
842 silly tarball no local data for brace-expansion@https://registry.npmjs.org/brace-expansion/-/brace-expansion-5.0.9.tgz. Extracting by manifest.
843 silly tarball no local data for binary-extensions@https://registry.npmjs.org/binary-extensions/-/binary-extensions-2.3.0.tgz. Extracting by manifest.
844 silly tarball no local data for to-regex-range@https://registry.npmjs.org/to-regex-range/-/to-regex-range-5.0.1.tgz. Extracting by manifest.
845 http cache ms@https://registry.npmjs.org/ms/-/ms-2.1.3.tgz 0ms (cache hit)
846 silly tarball no local data for picomatch@https://registry.npmjs.org/picomatch/-/picomatch-2.3.2.tgz. Extracting by manifest.
847 silly tarball no local data for is-extglob@https://registry.npmjs.org/is-extglob/-/is-extglob-2.1.1.tgz. Extracting by manifest.
848 silly tarball no local data for is-glob@https://registry.npmjs.org/is-glob/-/is-glob-4.0.3.tgz. Extracting by manifest.
849 silly tarball no local data for normalize-path@https://registry.npmjs.org/normalize-path/-/normalize-path-3.0.0.tgz. Extracting by manifest.
850 silly tarball no local data for glob-parent@https://registry.npmjs.org/glob-parent/-/glob-parent-5.1.2.tgz. Extracting by manifest.
851 silly tarball no local data for fill-range@https://registry.npmjs.org/fill-range/-/fill-range-7.1.1.tgz. Extracting by manifest.
852 silly tarball no local data for undefsafe@https://registry.npmjs.org/undefsafe/-/undefsafe-2.0.5.tgz. Extracting by manifest.
853 silly tarball no local data for braces@https://registry.npmjs.org/braces/-/braces-3.0.3.tgz. Extracting by manifest.
854 silly tarball no local data for readdirp@https://registry.npmjs.org/readdirp/-/readdirp-3.6.0.tgz. Extracting by manifest.
855 silly tarball no local data for anymatch@https://registry.npmjs.org/anymatch/-/anymatch-3.1.3.tgz. Extracting by manifest.
856 silly tarball no local data for touch@https://registry.npmjs.org/touch/-/touch-3.1.1.tgz. Extracting by manifest.
857 silly tarball no local data for is-binary-path@https://registry.npmjs.org/is-binary-path/-/is-binary-path-2.1.0.tgz. Extracting by manifest.
858 silly tarball no local data for semver@https://registry.npmjs.org/semver/-/semver-7.8.5.tgz. Extracting by manifest.
859 silly tarball no local data for supports-color@https://registry.npmjs.org/supports-color/-/supports-color-5.5.0.tgz. Extracting by manifest.
860 silly tarball no local data for pstree.remy@https://registry.npmjs.org/pstree.remy/-/pstree.remy-1.1.8.tgz. Extracting by manifest.
861 silly tarball no local data for @types/webidl-conversions@https://registry.npmjs.org/@types/webidl-conversions/-/webidl-conversions-7.0.3.tgz. Extracting by manifest.
862 silly tarball no local data for @types/whatwg-url@https://registry.npmjs.org/@types/whatwg-url/-/whatwg-url-11.0.5.tgz. Extracting by manifest.
863 silly tarball no local data for simple-update-notifier@https://registry.npmjs.org/simple-update-notifier/-/simple-update-notifier-2.0.0.tgz. Extracting by manifest.
864 silly tarball no local data for ignore-by-default@https://registry.npmjs.org/ignore-by-default/-/ignore-by-default-1.0.1.tgz. Extracting by manifest.
865 silly tarball no local data for chokidar@https://registry.npmjs.org/chokidar/-/chokidar-3.6.0.tgz. Extracting by manifest.
866 silly tarball no local data for whatwg-url@https://registry.npmjs.org/whatwg-url/-/whatwg-url-14.2.0.tgz. Extracting by manifest.
867 silly tarball no local data for @mongodb-js/saslprep@https://registry.npmjs.org/@mongodb-js/saslprep/-/saslprep-1.4.13.tgz. Extracting by manifest.
868 silly tarball no local data for minimatch@https://registry.npmjs.org/minimatch/-/minimatch-10.2.6.tgz. Extracting by manifest.
869 silly tarball no local data for mongodb-connection-string-url@https://registry.npmjs.org/mongodb-connection-string-url/-/mongodb-connection-string-url-3.0.2.tgz. Extracting by manifest.
870 silly tarball no local data for sparse-bitfield@https://registry.npmjs.org/sparse-bitfield/-/sparse-bitfield-3.0.3.tgz. Extracting by manifest.
871 silly tarball no local data for mongodb@https://registry.npmjs.org/mongodb/-/mongodb-6.20.0.tgz. Extracting by manifest.
872 silly tarball no local data for mquery@https://registry.npmjs.org/mquery/-/mquery-5.0.0.tgz. Extracting by manifest.
873 silly tarball no local data for mpath@https://registry.npmjs.org/mpath/-/mpath-0.9.0.tgz. Extracting by manifest.
874 silly tarball no local data for kareem@https://registry.npmjs.org/kareem/-/kareem-2.6.3.tgz. Extracting by manifest.
875 silly tarball no local data for mime-db@https://registry.npmjs.org/mime-db/-/mime-db-1.52.0.tgz. Extracting by manifest.
876 silly tarball no local data for bson@https://registry.npmjs.org/bson/-/bson-6.10.4.tgz. Extracting by manifest.
877 silly tarball no local data for toidentifier@https://registry.npmjs.org/toidentifier/-/toidentifier-1.0.1.tgz. Extracting by manifest.
878 silly tarball no local data for ms@https://registry.npmjs.org/ms/-/ms-2.0.0.tgz. Extracting by manifest.
879 silly tarball no local data for inherits@https://registry.npmjs.org/inherits/-/inherits-2.0.4.tgz. Extracting by manifest.
880 silly tarball no local data for raw-body@https://registry.npmjs.org/raw-body/-/raw-body-2.5.3.tgz. Extracting by manifest.
881 silly tarball no local data for safer-buffer@https://registry.npmjs.org/safer-buffer/-/safer-buffer-2.1.2.tgz. Extracting by manifest.
882 silly tarball no local data for unpipe@https://registry.npmjs.org/unpipe/-/unpipe-1.0.0.tgz. Extracting by manifest.
883 silly tarball no local data for bytes@https://registry.npmjs.org/bytes/-/bytes-3.1.2.tgz. Extracting by manifest.
884 silly tarball no local data for iconv-lite@https://registry.npmjs.org/iconv-lite/-/iconv-lite-0.4.24.tgz. Extracting by manifest.
885 silly tarball no local data for destroy@https://registry.npmjs.org/destroy/-/destroy-1.2.0.tgz. Extracting by manifest.
886 silly tarball no local data for negotiator@https://registry.npmjs.org/negotiator/-/negotiator-0.6.3.tgz. Extracting by manifest.
887 silly tarball no local data for type-is@https://registry.npmjs.org/type-is/-/type-is-1.6.18.tgz. Extracting by manifest.
888 silly tarball no local data for statuses@https://registry.npmjs.org/statuses/-/statuses-2.0.2.tgz. Extracting by manifest.
889 silly tarball no local data for mime-types@https://registry.npmjs.org/mime-types/-/mime-types-2.1.35.tgz. Extracting by manifest.
890 silly tarball no local data for utils-merge@https://registry.npmjs.org/utils-merge/-/utils-merge-1.0.1.tgz. Extracting by manifest.
891 silly tarball no local data for serve-static@https://registry.npmjs.org/serve-static/-/serve-static-1.16.3.tgz. Extracting by manifest.
892 silly tarball no local data for setprototypeof@https://registry.npmjs.org/setprototypeof/-/setprototypeof-1.2.0.tgz. Extracting by manifest.
893 silly tarball no local data for safe-buffer@https://registry.npmjs.org/safe-buffer/-/safe-buffer-5.2.1.tgz. Extracting by manifest.
894 silly tarball no local data for range-parser@https://registry.npmjs.org/range-parser/-/range-parser-1.2.1.tgz. Extracting by manifest.
895 silly tarball no local data for qs@https://registry.npmjs.org/qs/-/qs-6.15.3.tgz. Extracting by manifest.
896 silly tarball no local data for send@https://registry.npmjs.org/send/-/send-0.19.2.tgz. Extracting by manifest.
897 silly tarball no local data for proxy-addr@https://registry.npmjs.org/proxy-addr/-/proxy-addr-2.0.7.tgz. Extracting by manifest.
898 silly tarball no local data for parseurl@https://registry.npmjs.org/parseurl/-/parseurl-1.3.3.tgz. Extracting by manifest.
899 silly tarball no local data for path-to-regexp@https://registry.npmjs.org/path-to-regexp/-/path-to-regexp-0.1.13.tgz. Extracting by manifest.
900 silly tarball no local data for methods@https://registry.npmjs.org/methods/-/methods-1.1.2.tgz. Extracting by manifest.
901 silly tarball no local data for merge-descriptors@https://registry.npmjs.org/merge-descriptors/-/merge-descriptors-1.0.3.tgz. Extracting by manifest.
902 silly tarball no local data for on-finished@https://registry.npmjs.org/on-finished/-/on-finished-2.4.1.tgz. Extracting by manifest.
903 silly tarball no local data for http-errors@https://registry.npmjs.org/http-errors/-/http-errors-2.0.1.tgz. Extracting by manifest.
904 silly tarball no local data for etag@https://registry.npmjs.org/etag/-/etag-1.8.1.tgz. Extracting by manifest.
905 silly tarball no local data for fresh@https://registry.npmjs.org/fresh/-/fresh-0.5.2.tgz. Extracting by manifest.
906 silly tarball no local data for finalhandler@https://registry.npmjs.org/finalhandler/-/finalhandler-1.3.2.tgz. Extracting by manifest.
907 silly tarball no local data for escape-html@https://registry.npmjs.org/escape-html/-/escape-html-1.0.3.tgz. Extracting by manifest.
908 silly tarball no local data for sift@https://registry.npmjs.org/sift/-/sift-17.1.3.tgz. Extracting by manifest.
909 silly tarball no local data for encodeurl@https://registry.npmjs.org/encodeurl/-/encodeurl-2.0.0.tgz. Extracting by manifest.
910 silly tarball no local data for cookie-signature@https://registry.npmjs.org/cookie-signature/-/cookie-signature-1.0.7.tgz. Extracting by manifest.
911 silly tarball no local data for debug@https://registry.npmjs.org/debug/-/debug-2.6.9.tgz. Extracting by manifest.
912 silly tarball no local data for cookie@https://registry.npmjs.org/cookie/-/cookie-0.7.2.tgz. Extracting by manifest.
913 silly tarball no local data for content-type@https://registry.npmjs.org/content-type/-/content-type-1.0.5.tgz. Extracting by manifest.
914 silly tarball no local data for array-flatten@https://registry.npmjs.org/array-flatten/-/array-flatten-1.1.1.tgz. Extracting by manifest.
915 silly tarball no local data for content-disposition@https://registry.npmjs.org/content-disposition/-/content-disposition-0.5.4.tgz. Extracting by manifest.
916 silly tarball no local data for accepts@https://registry.npmjs.org/accepts/-/accepts-1.3.8.tgz. Extracting by manifest.
917 silly tarball no local data for body-parser@https://registry.npmjs.org/body-parser/-/body-parser-1.20.6.tgz. Extracting by manifest.
918 silly tarball no local data for vary@https://registry.npmjs.org/vary/-/vary-1.1.2.tgz. Extracting by manifest.
919 silly tarball no local data for nodemon@https://registry.npmjs.org/nodemon/-/nodemon-3.1.14.tgz. Extracting by manifest.
920 silly tarball no local data for object-assign@https://registry.npmjs.org/object-assign/-/object-assign-4.1.1.tgz. Extracting by manifest.
921 silly tarball no local data for depd@https://registry.npmjs.org/depd/-/depd-2.0.0.tgz. Extracting by manifest.
922 silly tarball no local data for express@https://registry.npmjs.org/express/-/express-4.22.2.tgz. Extracting by manifest.
923 silly tarball no local data for debug@https://registry.npmjs.org/debug/-/debug-4.4.3.tgz. Extracting by manifest.
924 silly tarball no local data for dotenv@https://registry.npmjs.org/dotenv/-/dotenv-16.6.1.tgz. Extracting by manifest.
925 silly tarball no local data for ms@https://registry.npmjs.org/ms/-/ms-2.1.3.tgz. Extracting by manifest.
926 silly tarball no local data for ms@https://registry.npmjs.org/ms/-/ms-2.1.3.tgz. Extracting by manifest.
927 silly tarball no local data for cors@https://registry.npmjs.org/cors/-/cors-2.8.6.tgz. Extracting by manifest.
928 silly tarball no local data for mongoose@https://registry.npmjs.org/mongoose/-/mongoose-8.24.2.tgz. Extracting by manifest.
929 silly tarball no local data for debug@https://registry.npmjs.org/debug/-/debug-4.4.3.tgz. Extracting by manifest.
930 silly tarball no local data for ms@https://registry.npmjs.org/ms/-/ms-2.1.3.tgz. Extracting by manifest.
931 silly tarball no local data for ms@https://registry.npmjs.org/ms/-/ms-2.1.3.tgz. Extracting by manifest.
932 http fetch GET 200 https://registry.npmjs.org/punycode/-/punycode-2.3.1.tgz 211ms (cache miss)
933 http fetch GET 200 https://registry.npmjs.org/dunder-proto/-/dunder-proto-1.0.1.tgz 213ms (cache miss)
934 http fetch GET 200 https://registry.npmjs.org/is-number/-/is-number-7.0.0.tgz 231ms (cache miss)
935 http fetch GET 200 https://registry.npmjs.org/has-flag/-/has-flag-3.0.0.tgz 231ms (cache miss)
936 http fetch GET 200 https://registry.npmjs.org/media-typer/-/media-typer-0.3.0.tgz 239ms (cache miss)
937 http fetch GET 200 https://registry.npmjs.org/webidl-conversions/-/webidl-conversions-7.0.0.tgz 242ms (cache miss)
938 http fetch GET 200 https://registry.npmjs.org/hasown/-/hasown-2.0.4.tgz 247ms (cache miss)
939 http fetch GET 200 https://registry.npmjs.org/memory-pager/-/memory-pager-1.5.0.tgz 252ms (cache miss)
940 http fetch GET 200 https://registry.npmjs.org/math-intrinsics/-/math-intrinsics-1.1.0.tgz 261ms (cache miss)
941 http fetch POST 200 https://registry.npmjs.org/-/npm/v1/security/advisories/bulk 339ms
942 silly audit report {}
943 http fetch GET 200 https://registry.npmjs.org/call-bound/-/call-bound-1.0.4.tgz 279ms (cache miss)
944 http fetch GET 200 https://registry.npmjs.org/side-channel-list/-/side-channel-list-1.0.1.tgz 280ms (cache miss)
945 http fetch GET 200 https://registry.npmjs.org/side-channel-weakmap/-/side-channel-weakmap-1.0.2.tgz 283ms (cache miss)
946 http fetch GET 200 https://registry.npmjs.org/side-channel/-/side-channel-1.1.1.tgz 298ms (cache miss)
947 http fetch GET 200 https://registry.npmjs.org/side-channel-map/-/side-channel-map-1.0.1.tgz 299ms (cache miss)
948 http fetch GET 200 https://registry.npmjs.org/tr46/-/tr46-5.1.1.tgz 338ms (cache miss)
949 http fetch GET 200 https://registry.npmjs.org/forwarded/-/forwarded-0.2.0.tgz 436ms (cache miss)
950 http fetch GET 200 https://registry.npmjs.org/ipaddr.js/-/ipaddr.js-1.9.1.tgz 440ms (cache miss)
951 http fetch GET 200 https://registry.npmjs.org/ee-first/-/ee-first-1.1.1.tgz 440ms (cache miss)
952 http fetch GET 200 https://registry.npmjs.org/get-intrinsic/-/get-intrinsic-1.3.0.tgz 446ms (cache miss)
953 http fetch GET 200 https://registry.npmjs.org/es-define-property/-/es-define-property-1.0.1.tgz 447ms (cache miss)
954 http fetch GET 200 https://registry.npmjs.org/binary-extensions/-/binary-extensions-2.3.0.tgz 445ms (cache miss)
955 http fetch GET 200 https://registry.npmjs.org/brace-expansion/-/brace-expansion-5.0.9.tgz 448ms (cache miss)
956 http fetch GET 200 https://registry.npmjs.org/to-regex-range/-/to-regex-range-5.0.1.tgz 450ms (cache miss)
957 http fetch GET 200 https://registry.npmjs.org/glob-parent/-/glob-parent-5.1.2.tgz 470ms (cache miss)
958 http fetch GET 200 https://registry.npmjs.org/is-extglob/-/is-extglob-2.1.1.tgz 474ms (cache miss)
959 http fetch GET 200 https://registry.npmjs.org/undefsafe/-/undefsafe-2.0.5.tgz 476ms (cache miss)
960 http fetch GET 200 https://registry.npmjs.org/normalize-path/-/normalize-path-3.0.0.tgz 477ms (cache miss)
961 http fetch GET 200 https://registry.npmjs.org/function-bind/-/function-bind-1.1.2.tgz 502ms (cache miss)
962 http fetch GET 200 https://registry.npmjs.org/anymatch/-/anymatch-3.1.3.tgz 498ms (cache miss)
963 http fetch GET 200 https://registry.npmjs.org/braces/-/braces-3.0.3.tgz 499ms (cache miss)
964 http fetch GET 200 https://registry.npmjs.org/is-glob/-/is-glob-4.0.3.tgz 505ms (cache miss)
965 http fetch GET 200 https://registry.npmjs.org/fill-range/-/fill-range-7.1.1.tgz 523ms (cache miss)
966 http fetch GET 200 https://registry.npmjs.org/readdirp/-/readdirp-3.6.0.tgz 525ms (cache miss)
967 http fetch GET 200 https://registry.npmjs.org/touch/-/touch-3.1.1.tgz 533ms (cache miss)
968 http fetch GET 200 https://registry.npmjs.org/is-binary-path/-/is-binary-path-2.1.0.tgz 542ms (cache miss)
969 http fetch GET 200 https://registry.npmjs.org/mime/-/mime-1.6.0.tgz 564ms (cache miss)
970 http fetch GET 200 https://registry.npmjs.org/@types/whatwg-url/-/whatwg-url-11.0.5.tgz 579ms (cache miss)
971 http fetch GET 200 https://registry.npmjs.org/supports-color/-/supports-color-5.5.0.tgz 580ms (cache miss)
972 http fetch GET 200 https://registry.npmjs.org/@types/webidl-conversions/-/webidl-conversions-7.0.3.tgz 593ms (cache miss)
973 http fetch GET 200 https://registry.npmjs.org/pstree.remy/-/pstree.remy-1.1.8.tgz 600ms (cache miss)
974 http fetch GET 200 https://registry.npmjs.org/picomatch/-/picomatch-2.3.2.tgz 609ms (cache miss)
975 http fetch GET 200 https://registry.npmjs.org/ignore-by-default/-/ignore-by-default-1.0.1.tgz 610ms (cache miss)
976 http fetch GET 200 https://registry.npmjs.org/gopd/-/gopd-1.2.0.tgz 651ms (cache miss)
977 http fetch GET 200 https://registry.npmjs.org/mongodb-connection-string-url/-/mongodb-connection-string-url-3.0.2.tgz 688ms (cache miss)
978 http fetch GET 200 https://registry.npmjs.org/balanced-match/-/balanced-match-4.0.4.tgz 723ms (cache miss)
979 http fetch GET 200 https://registry.npmjs.org/ms/-/ms-2.0.0.tgz 724ms (cache miss)
980 http fetch GET 200 https://registry.npmjs.org/toidentifier/-/toidentifier-1.0.1.tgz 730ms (cache miss)
981 http fetch GET 200 https://registry.npmjs.org/get-proto/-/get-proto-1.0.1.tgz 765ms (cache miss)
982 http fetch GET 200 https://registry.npmjs.org/call-bind-apply-helpers/-/call-bind-apply-helpers-1.0.2.tgz 768ms (cache miss)
983 http fetch GET 200 https://registry.npmjs.org/es-object-atoms/-/es-object-atoms-1.1.2.tgz 770ms (cache miss)
984 http fetch GET 200 https://registry.npmjs.org/raw-body/-/raw-body-2.5.3.tgz 747ms (cache miss)
985 http fetch GET 200 https://registry.npmjs.org/sparse-bitfield/-/sparse-bitfield-3.0.3.tgz 755ms (cache miss)
986 http fetch GET 200 https://registry.npmjs.org/inherits/-/inherits-2.0.4.tgz 766ms (cache miss)
987 http fetch GET 200 https://registry.npmjs.org/unpipe/-/unpipe-1.0.0.tgz 773ms (cache miss)
988 http fetch GET 200 https://registry.npmjs.org/chokidar/-/chokidar-3.6.0.tgz 790ms (cache miss)
989 http fetch GET 200 https://registry.npmjs.org/bytes/-/bytes-3.1.2.tgz 779ms (cache miss)
990 http fetch GET 200 https://registry.npmjs.org/es-errors/-/es-errors-1.3.0.tgz 806ms (cache miss)
991 http fetch GET 200 https://registry.npmjs.org/destroy/-/destroy-1.2.0.tgz 788ms (cache miss)
992 http fetch GET 200 https://registry.npmjs.org/negotiator/-/negotiator-0.6.3.tgz 789ms (cache miss)
993 http fetch GET 200 https://registry.npmjs.org/mime-types/-/mime-types-2.1.35.tgz 787ms (cache miss)
994 http fetch GET 200 https://registry.npmjs.org/has-symbols/-/has-symbols-1.1.0.tgz 832ms (cache miss)
995 http fetch GET 200 https://registry.npmjs.org/utils-merge/-/utils-merge-1.0.1.tgz 829ms (cache miss)
996 http fetch GET 200 https://registry.npmjs.org/mime-db/-/mime-db-1.52.0.tgz 842ms (cache miss)
997 http fetch GET 200 https://registry.npmjs.org/statuses/-/statuses-2.0.2.tgz 841ms (cache miss)
998 http fetch GET 200 https://registry.npmjs.org/safer-buffer/-/safer-buffer-2.1.2.tgz 845ms (cache miss)
999 http fetch GET 200 https://registry.npmjs.org/kareem/-/kareem-2.6.3.tgz 851ms (cache miss)
1000 http fetch GET 200 https://registry.npmjs.org/type-is/-/type-is-1.6.18.tgz 847ms (cache miss)
1001 http fetch GET 200 https://registry.npmjs.org/safe-buffer/-/safe-buffer-5.2.1.tgz 845ms (cache miss)
1002 http fetch GET 200 https://registry.npmjs.org/serve-static/-/serve-static-1.16.3.tgz 855ms (cache miss)
1003 http fetch GET 200 https://registry.npmjs.org/parseurl/-/parseurl-1.3.3.tgz 861ms (cache miss)
1004 http fetch GET 200 https://registry.npmjs.org/range-parser/-/range-parser-1.2.1.tgz 866ms (cache miss)
1005 http fetch GET 200 https://registry.npmjs.org/setprototypeof/-/setprototypeof-1.2.0.tgz 882ms (cache miss)
1006 http fetch GET 200 https://registry.npmjs.org/merge-descriptors/-/merge-descriptors-1.0.3.tgz 879ms (cache miss)
1007 http fetch GET 200 https://registry.npmjs.org/path-to-regexp/-/path-to-regexp-0.1.13.tgz 880ms (cache miss)
1008 http fetch GET 200 https://registry.npmjs.org/http-errors/-/http-errors-2.0.1.tgz 893ms (cache miss)
1009 http fetch GET 200 https://registry.npmjs.org/proxy-addr/-/proxy-addr-2.0.7.tgz 904ms (cache miss)
1010 http fetch GET 200 https://registry.npmjs.org/etag/-/etag-1.8.1.tgz 929ms (cache miss)
1011 http fetch GET 200 https://registry.npmjs.org/encodeurl/-/encodeurl-2.0.0.tgz 927ms (cache miss)
1012 http fetch GET 200 https://registry.npmjs.org/fresh/-/fresh-0.5.2.tgz 929ms (cache miss)
1013 http fetch GET 200 https://registry.npmjs.org/finalhandler/-/finalhandler-1.3.2.tgz 942ms (cache miss)
1014 http fetch GET 200 https://registry.npmjs.org/methods/-/methods-1.1.2.tgz 952ms (cache miss)
1015 http fetch GET 200 https://registry.npmjs.org/simple-update-notifier/-/simple-update-notifier-2.0.0.tgz 1005ms (cache miss)
1016 http fetch GET 200 https://registry.npmjs.org/escape-html/-/escape-html-1.0.3.tgz 981ms (cache miss)
1017 http fetch GET 200 https://registry.npmjs.org/send/-/send-0.19.2.tgz 987ms (cache miss)
1018 http fetch GET 200 https://registry.npmjs.org/mpath/-/mpath-0.9.0.tgz 1033ms (cache miss)
1019 http fetch GET 200 https://registry.npmjs.org/cookie-signature/-/cookie-signature-1.0.7.tgz 1013ms (cache miss)
1020 http fetch GET 200 https://registry.npmjs.org/on-finished/-/on-finished-2.4.1.tgz 1022ms (cache miss)
1021 http fetch GET 200 https://registry.npmjs.org/cookie/-/cookie-0.7.2.tgz 1020ms (cache miss)
1022 http fetch GET 200 https://registry.npmjs.org/vary/-/vary-1.1.2.tgz 1033ms (cache miss)
1023 http fetch GET 200 https://registry.npmjs.org/whatwg-url/-/whatwg-url-14.2.0.tgz 1068ms (cache miss)
1024 http fetch GET 200 https://registry.npmjs.org/content-type/-/content-type-1.0.5.tgz 1043ms (cache miss)
1025 http fetch GET 200 https://registry.npmjs.org/debug/-/debug-4.4.3.tgz 1044ms (cache miss)
1026 http fetch GET 200 https://registry.npmjs.org/content-disposition/-/content-disposition-0.5.4.tgz 1051ms (cache miss)
1027 http fetch GET 200 https://registry.npmjs.org/object-assign/-/object-assign-4.1.1.tgz 1052ms (cache miss)
1028 http fetch GET 200 https://registry.npmjs.org/depd/-/depd-2.0.0.tgz 1051ms (cache miss)
1029 http fetch GET 200 https://registry.npmjs.org/mquery/-/mquery-5.0.0.tgz 1080ms (cache miss)
1030 http fetch GET 200 https://registry.npmjs.org/body-parser/-/body-parser-1.20.6.tgz 1059ms (cache miss)
1031 http fetch GET 200 https://registry.npmjs.org/array-flatten/-/array-flatten-1.1.1.tgz 1061ms (cache miss)
1032 http fetch GET 200 https://registry.npmjs.org/cors/-/cors-2.8.6.tgz 1065ms (cache miss)
1033 http fetch GET 200 https://registry.npmjs.org/ms/-/ms-2.1.3.tgz 1067ms (cache miss)
1034 http fetch GET 200 https://registry.npmjs.org/ms/-/ms-2.1.3.tgz 1060ms (cache miss)
1035 http fetch GET 200 https://registry.npmjs.org/ms/-/ms-2.1.3.tgz 1072ms (cache miss)
1036 http fetch GET 200 https://registry.npmjs.org/ms/-/ms-2.1.3.tgz 1054ms (cache miss)
1037 http fetch GET 200 https://registry.npmjs.org/accepts/-/accepts-1.3.8.tgz 1093ms (cache miss)
1038 http fetch GET 200 https://registry.npmjs.org/debug/-/debug-4.4.3.tgz 1106ms (cache miss)
1039 http fetch GET 200 https://registry.npmjs.org/object-inspect/-/object-inspect-1.13.4.tgz 1152ms (cache miss)
1040 http fetch GET 200 https://registry.npmjs.org/dotenv/-/dotenv-16.6.1.tgz 1155ms (cache miss)
1041 http fetch GET 200 https://registry.npmjs.org/debug/-/debug-2.6.9.tgz 1186ms (cache miss)
1042 http fetch GET 200 https://registry.npmjs.org/express/-/express-4.22.2.tgz 1260ms (cache miss)
1043 http fetch GET 200 https://registry.npmjs.org/qs/-/qs-6.15.3.tgz 1272ms (cache miss)
1044 http fetch GET 200 https://registry.npmjs.org/iconv-lite/-/iconv-lite-0.4.24.tgz 1295ms (cache miss)
1045 http fetch GET 200 https://registry.npmjs.org/sift/-/sift-17.1.3.tgz 1288ms (cache miss)
1046 http fetch GET 200 https://registry.npmjs.org/@mongodb-js/saslprep/-/saslprep-1.4.13.tgz 1358ms (cache miss)
1047 http fetch GET 200 https://registry.npmjs.org/semver/-/semver-7.8.5.tgz 1395ms (cache miss)
1048 http fetch GET 200 https://registry.npmjs.org/nodemon/-/nodemon-3.1.14.tgz 1371ms (cache miss)
1049 http fetch GET 200 https://registry.npmjs.org/minimatch/-/minimatch-10.2.6.tgz 1399ms (cache miss)
1050 http fetch GET 200 https://registry.npmjs.org/bson/-/bson-6.10.4.tgz 1547ms (cache miss)
1051 http fetch GET 200 https://registry.npmjs.org/mongoose/-/mongoose-8.24.2.tgz 2040ms (cache miss)
1052 http fetch GET 200 https://registry.npmjs.org/mongodb/-/mongodb-6.20.0.tgz 2262ms (cache miss)
1053 silly ADD node_modules/punycode
1054 silly ADD node_modules/webidl-conversions
1055 silly ADD node_modules/tr46
1056 silly ADD node_modules/media-typer
1057 silly ADD node_modules/is-number
1058 silly ADD node_modules/has-flag
1059 silly ADD node_modules/memory-pager
1060 silly ADD node_modules/dunder-proto
1061 silly ADD node_modules/math-intrinsics
1062 silly ADD node_modules/hasown
1063 silly ADD node_modules/has-symbols
1064 silly ADD node_modules/gopd
1065 silly ADD node_modules/get-proto
1066 silly ADD node_modules/es-object-atoms
1067 silly ADD node_modules/function-bind
1068 silly ADD node_modules/call-bind-apply-helpers
1069 silly ADD node_modules/get-intrinsic
1070 silly ADD node_modules/call-bound
1071 silly ADD node_modules/side-channel-weakmap
1072 silly ADD node_modules/side-channel-map
1073 silly ADD node_modules/side-channel-list
1074 silly ADD node_modules/object-inspect
1075 silly ADD node_modules/es-errors
1076 silly ADD node_modules/mime
1077 silly ADD node_modules/side-channel
1078 silly ADD node_modules/es-define-property
1079 silly ADD node_modules/ipaddr.js
1080 silly ADD node_modules/forwarded
1081 silly ADD node_modules/ee-first
1082 silly ADD node_modules/balanced-match
1083 silly ADD node_modules/brace-expansion
1084 silly ADD node_modules/is-extglob
1085 silly ADD node_modules/binary-extensions
1086 silly ADD node_modules/to-regex-range
1087 silly ADD node_modules/fill-range
1088 silly ADD node_modules/picomatch
1089 silly ADD node_modules/readdirp
1090 silly ADD node_modules/normalize-path
1091 silly ADD node_modules/is-glob
1092 silly ADD node_modules/is-binary-path
1093 silly ADD node_modules/glob-parent
1094 silly ADD
1095 silly ADD node_modules/braces
1096 silly ADD node_modules/anymatch
1097 silly ADD node_modules/undefsafe
1098 silly ADD node_modules/touch
1099 silly ADD node_modules/supports-color
1100 silly ADD node_modules/simple-update-notifier
1101 silly ADD node_modules/semver
1102 silly ADD node_modules/pstree.remy
1103 silly ADD node_modules/minimatch
1104 silly ADD node_modules/ignore-by-default
1105 silly ADD node_modules/chokidar
1106 silly ADD node_modules/@types/webidl-conversions
1107 silly ADD node_modules/whatwg-url
1108 silly ADD node_modules/@types/whatwg-url
1109 silly ADD node_modules/sparse-bitfield
1110 silly ADD node_modules/mongodb-connection-string-url
1111 silly ADD node_modules/@mongodb-js/saslprep
1112 silly ADD node_modules/sift
1113 silly ADD node_modules/mquery
1114 silly ADD node_modules/mquery/node_modules/ms
1115 silly ADD node_modules/mquery/node_modules/debug
1116 silly ADD node_modules/mpath
1117 silly ADD node_modules/mongodb
1118 silly ADD node_modules/kareem
1119 silly ADD node_modules/bson
1120 silly ADD node_modules/mime-db
1121 silly ADD node_modules/safer-buffer
1122 silly ADD node_modules/toidentifier
1123 silly ADD node_modules/inherits
1124 silly ADD node_modules/ms
1125 silly ADD node_modules/unpipe
1126 silly ADD node_modules/raw-body
1127 silly ADD node_modules/iconv-lite
1128 silly ADD node_modules/destroy
1129 silly ADD node_modules/bytes
1130 silly ADD node_modules/negotiator
1131 silly ADD node_modules/mime-types
1132 silly ADD node_modules/utils-merge
1133 silly ADD node_modules/type-is
1134 silly ADD node_modules/statuses
1135 silly ADD node_modules/setprototypeof
1136 silly ADD node_modules/serve-static
1137 silly ADD node_modules/send
1138 silly ADD node_modules/send/node_modules/ms
1139 silly ADD node_modules/safe-buffer
1140 silly ADD node_modules/range-parser
1141 silly ADD node_modules/qs
1142 silly ADD node_modules/proxy-addr
1143 silly ADD node_modules/path-to-regexp
1144 silly ADD node_modules/parseurl
1145 silly ADD node_modules/on-finished
1146 silly ADD node_modules/methods
1147 silly ADD node_modules/merge-descriptors
1148 silly ADD node_modules/http-errors
1149 silly ADD node_modules/fresh
1150 silly ADD node_modules/finalhandler
1151 silly ADD node_modules/etag
1152 silly ADD node_modules/escape-html
1153 silly ADD node_modules/encodeurl
1154 silly ADD node_modules/depd
1155 silly ADD node_modules/debug
1156 silly ADD node_modules/cookie-signature
1157 silly ADD node_modules/cookie
1158 silly ADD node_modules/content-type
1159 silly ADD node_modules/content-disposition
1160 silly ADD node_modules/body-parser
1161 silly ADD node_modules/array-flatten
1162 silly ADD node_modules/accepts
1163 silly ADD node_modules/vary
1164 silly ADD node_modules/object-assign
1165 silly ADD node_modules/nodemon
1166 silly ADD node_modules/nodemon/node_modules/ms
1167 silly ADD node_modules/nodemon/node_modules/debug
1168 silly ADD node_modules/mongoose
1169 silly ADD node_modules/mongoose/node_modules/ms
1170 silly ADD node_modules/express
1171 silly ADD node_modules/dotenv
1172 silly ADD node_modules/cors
1173 verbose cwd E:\House\backend
1174 verbose os Windows_NT 10.0.26200
1175 verbose node v22.14.0
1176 verbose npm  v10.9.2
1177 verbose exit 0
1178 info ok
